文件名,文件大小(字节),本地完整路径,云端路径,云端链接,上传状态,上传时间,所属文件夹,相对路径
理论卡片.docx,616022392,D:\资源推荐\理论卡片\理论卡片\理论卡片.docx,math-teaching-resources/理论卡片/理论卡片.docx,https://math-1415627924.cos.ap-guangzhou.myqcloud.com/math-teaching-resources/理论卡片/理论卡片.docx,成功,2026-04-04 19:24:18,math-teaching-resources/理论卡片,理论卡片.docx
理论卡片.md,129767,D:\资源推荐\理论卡片\理论卡片\理论卡片.md,math-teaching-resources/理论卡片/理论卡片.md,https://math-1415627924.cos.ap-guangzhou.myqcloud.com/math-teaching-resources/理论卡片/理论卡片.md,成功,2026-04-04 19:24:18,math-teaching-resources/理论卡片,理论卡片.md
MPCK视域下的高中数学概念教学_周彬.pdf,3598444,D:\资源推荐\理论卡片\理论卡片\理论文献\理论卡片七：MPCK理论\MPCK视域下的高中数学概念教学_周彬.pdf,math-teaching-resources/理论卡片/理论文献/理论卡片七：MPCK理论/MPCK视域下的高中数学概念教学_周彬.pdf,https://math-1415627924.cos.ap-guangzhou.myqcloud.com/math-teaching-resources/理论卡片/理论文献/理论卡片七：MPCK理论/MPCK视域下的高中数学概念教学_周彬.pdf,成功,2026-04-04 19:24:20,math-teaching-resources/理论卡片,理论文献\理论卡片七：MPCK理论\MPCK视域下的高中数学概念教学_周彬.pdf
MPCK视角下的教学设计——以“直线与平面垂直的判定”为例_何丽霞.pdf,1434765,D:\资源推荐\理论卡片\理论卡片\理论文献\理论卡片七：MPCK理论\MPCK视角下的教学设计——以“直线与平面垂直的判定”为例_何丽霞.pdf,math-teaching-resources/理论卡片/理论文献/理论卡片七：MPCK理论/MPCK视角下的教学设计——以“直线与平面垂直的判定”为例_何丽霞.pdf,https://math-1415627924.cos.ap-guangzhou.myqcloud.com/math-teaching-resources/理论卡片/理论文献/理论卡片七：MPCK理论/MPCK视角下的教学设计——以“直线与平面垂直的判定”为例_何丽霞.pdf,成功,2026-04-04 19:24:21,math-teaching-resources/理论卡片,理论文献\理论卡片七：MPCK理论\MPCK视角下的教学设计——以“直线与平面垂直的判定”为例_何丽霞.pdf
MPCK视角下的高中数学课堂提问有效性研究_何诗雨.pdf,1575856,D:\资源推荐\理论卡片\理论卡片\理论文献\理论卡片七：MPCK理论\MPCK视角下的高中数学课堂提问有效性研究_何诗雨.pdf,math-teaching-resources/理论卡片/理论文献/理论卡片七：MPCK理论/MPCK视角下的高中数学课堂提问有效性研究_何诗雨.pdf,https://math-1415627924.cos.ap-guangzhou.myqcloud.com/math-teaching-resources/理论卡片/理论文献/理论卡片七：MPCK理论/MPCK视角下的高中数学课堂提问有效性研究_何诗雨.pdf,成功,2026-04-04 19:24:22,math-teaching-resources/理论卡片,理论文献\理论卡片七：MPCK理论\MPCK视角下的高中数学课堂提问有效性研究_何诗雨.pdf
MPCK视野下圆锥曲线最值问题的教学研究_吴晓婉.pdf,2562981,D:\资源推荐\理论卡片\理论卡片\理论文献\理论卡片七：MPCK理论\MPCK视野下圆锥曲线最值问题的教学研究_吴晓婉.pdf,math-teaching-resources/理论卡片/理论文献/理论卡片七：MPCK理论/MPCK视野下圆锥曲线最值问题的教学研究_吴晓婉.pdf,https://math-1415627924.cos.ap-guangzhou.myqcloud.com/math-teaching-resources/理论卡片/理论文献/理论卡片七：MPCK理论/MPCK视野下圆锥曲线最值问题的教学研究_吴晓婉.pdf,成功,2026-04-04 19:24:23,math-teaching-resources/理论卡片,理论文献\理论卡片七：MPCK理论\MPCK视野下圆锥曲线最值问题的教学研究_吴晓婉.pdf
基于MPCK的“平面向量及其应用”单元教学设计研究_陈燕彬.pdf,4383255,D:\资源推荐\理论卡片\理论卡片\理论文献\理论卡片七：MPCK理论\基于MPCK的“平面向量及其应用”单元教学设计研究_陈燕彬.pdf,math-teaching-resources/理论卡片/理论文献/理论卡片七：MPCK理论/基于MPCK的“平面向量及其应用”单元教学设计研究_陈燕彬.pdf,https://math-1415627924.cos.ap-guangzhou.myqcloud.com/math-teaching-resources/理论卡片/理论文献/理论卡片七：MPCK理论/基于MPCK的“平面向量及其应用”单元教学设计研究_陈燕彬.pdf,成功,2026-04-04 19:24:25,math-teaching-resources/理论卡片,理论文献\理论卡片七：MPCK理论\基于MPCK的“平面向量及其应用”单元教学设计研究_陈燕彬.pdf
基于MPCK的高中数学教学设计案例研究_文钰林.pdf,1400561,D:\资源推荐\理论卡片\理论卡片\理论文献\理论卡片七：MPCK理论\基于MPCK的高中数学教学设计案例研究_文钰林.pdf,math-teaching-resources/理论卡片/理论文献/理论卡片七：MPCK理论/基于MPCK的高中数学教学设计案例研究_文钰林.pdf,https://math-1415627924.cos.ap-guangzhou.myqcloud.com/math-teaching-resources/理论卡片/理论文献/理论卡片七：MPCK理论/基于MPCK的高中数学教学设计案例研究_文钰林.pdf,成功,2026-04-04 19:24:26,math-teaching-resources/理论卡片,理论文献\理论卡片七：MPCK理论\基于MPCK的高中数学教学设计案例研究_文钰林.pdf
基于MPCK视角下的高中数学公式推导的教学建议——以两角差的余弦公式推导为例_岑义其.pdf,971454,D:\资源推荐\理论卡片\理论卡片\理论文献\理论卡片七：MPCK理论\基于MPCK视角下的高中数学公式推导的教学建议——以两角差的余弦公式推导为例_岑义其.pdf,math-teaching-resources/理论卡片/理论文献/理论卡片七：MPCK理论/基于MPCK视角下的高中数学公式推导的教学建议——以两角差的余弦公式推导为例_岑义其.pdf,https://math-1415627924.cos.ap-guangzhou.myqcloud.com/math-teaching-resources/理论卡片/理论文献/理论卡片七：MPCK理论/基于MPCK视角下的高中数学公式推导的教学建议——以两角差的余弦公式推导为例_岑义其.pdf,成功,2026-04-04 19:24:27,math-teaching-resources/理论卡片,理论文献\理论卡片七：MPCK理论\基于MPCK视角下的高中数学公式推导的教学建议——以两角差的余弦公式推导为例_岑义其.pdf
"数学教育心理学 第3版 (曹才翰；章建跃) (z-library.sk, 1lib.sk, z-lib.sk).pdf",58509094,"D:\资源推荐\理论卡片\理论卡片\理论文献\理论卡片三十一~理论卡片三十六\数学教育心理学 第3版 (曹才翰；章建跃) (z-library.sk, 1lib.sk, z-lib.sk).pdf","math-teaching-resources/理论卡片/理论文献/理论卡片三十一~理论卡片三十六/数学教育心理学 第3版 (曹才翰；章建跃) (z-library.sk, 1lib.sk, z-lib.sk).pdf","https://math-1415627924.cos.ap-guangzhou.myqcloud.com/math-teaching-resources/理论卡片/理论文献/理论卡片三十一~理论卡片三十六/数学教育心理学 第3版 (曹才翰；章建跃) (z-library.sk, 1lib.sk, z-lib.sk).pdf",成功,2026-04-04 19:24:57,math-teaching-resources/理论卡片,"理论文献\理论卡片三十一~理论卡片三十六\数学教育心理学 第3版 (曹才翰；章建跃) (z-library.sk, 1lib.sk, z-lib.sk).pdf"
第二讲 数学概念的心理学.pptx,4113946,D:\资源推荐\理论卡片\理论卡片\理论文献\理论卡片三十一：数学概念学习理论\第二讲 数学概念的心理学.pptx,math-teaching-resources/理论卡片/理论文献/理论卡片三十一：数学概念学习理论/第二讲 数学概念的心理学.pptx,https://math-1415627924.cos.ap-guangzhou.myqcloud.com/math-teaching-resources/理论卡片/理论文献/理论卡片三十一：数学概念学习理论/第二讲 数学概念的心理学.pptx,成功,2026-04-04 19:24:59,math-teaching-resources/理论卡片,理论文献\理论卡片三十一：数学概念学习理论\第二讲 数学概念的心理学.pptx
数学学与教的心理学（第二版） (何小亚).pdf,22941493,D:\资源推荐\理论卡片\理论卡片\理论文献\理论卡片三十七~理论卡片四十四\数学学与教的心理学（第二版） (何小亚).pdf,math-teaching-resources/理论卡片/理论文献/理论卡片三十七~理论卡片四十四/数学学与教的心理学（第二版） (何小亚).pdf,https://math-1415627924.cos.ap-guangzhou.myqcloud.com/math-teaching-resources/理论卡片/理论文献/理论卡片三十七~理论卡片四十四/数学学与教的心理学（第二版） (何小亚).pdf,成功,2026-04-04 19:25:11,math-teaching-resources/理论卡片,理论文献\理论卡片三十七~理论卡片四十四\数学学与教的心理学（第二版） (何小亚).pdf
戴尔金字塔理论视角下的高职数学教学研究——以函数求极限教学为例_董志华.pdf,1091640,D:\资源推荐\理论卡片\理论卡片\理论文献\理论卡片三十：学习金字塔理论\戴尔金字塔理论视角下的高职数学教学研究——以函数求极限教学为例_董志华.pdf,math-teaching-resources/理论卡片/理论文献/理论卡片三十：学习金字塔理论/戴尔金字塔理论视角下的高职数学教学研究——以函数求极限教学为例_董志华.pdf,https://math-1415627924.cos.ap-guangzhou.myqcloud.com/math-teaching-resources/理论卡片/理论文献/理论卡片三十：学习金字塔理论/戴尔金字塔理论视角下的高职数学教学研究——以函数求极限教学为例_董志华.pdf,成功,2026-04-04 19:25:12,math-teaching-resources/理论卡片,理论文献\理论卡片三十：学习金字塔理论\戴尔金字塔理论视角下的高职数学教学研究——以函数求极限教学为例_董志华.pdf
运用学习金字塔理论__优化高中数学教学_陈华兰.pdf,135037,D:\资源推荐\理论卡片\理论卡片\理论文献\理论卡片三十：学习金字塔理论\运用学习金字塔理论__优化高中数学教学_陈华兰.pdf,math-teaching-resources/理论卡片/理论文献/理论卡片三十：学习金字塔理论/运用学习金字塔理论__优化高中数学教学_陈华兰.pdf,https://math-1415627924.cos.ap-guangzhou.myqcloud.com/math-teaching-resources/理论卡片/理论文献/理论卡片三十：学习金字塔理论/运用学习金字塔理论__优化高中数学教学_陈华兰.pdf,成功,2026-04-04 19:25:12,math-teaching-resources/理论卡片,理论文献\理论卡片三十：学习金字塔理论\运用学习金字塔理论__优化高中数学教学_陈华兰.pdf
运用学习金字塔理论__改进高中数学教学_周可忠.pdf,226873,D:\资源推荐\理论卡片\理论卡片\理论文献\理论卡片三十：学习金字塔理论\运用学习金字塔理论__改进高中数学教学_周可忠.pdf,math-teaching-resources/理论卡片/理论文献/理论卡片三十：学习金字塔理论/运用学习金字塔理论__改进高中数学教学_周可忠.pdf,https://math-1415627924.cos.ap-guangzhou.myqcloud.com/math-teaching-resources/理论卡片/理论文献/理论卡片三十：学习金字塔理论/运用学习金字塔理论__改进高中数学教学_周可忠.pdf,成功,2026-04-04 19:25:12,math-teaching-resources/理论卡片,理论文献\理论卡片三十：学习金字塔理论\运用学习金字塔理论__改进高中数学教学_周可忠.pdf
运用学习金字塔理论提高高中数学教学实效_刘雯.pdf,563822,D:\资源推荐\理论卡片\理论卡片\理论文献\理论卡片三十：学习金字塔理论\运用学习金字塔理论提高高中数学教学实效_刘雯.pdf,math-teaching-resources/理论卡片/理论文献/理论卡片三十：学习金字塔理论/运用学习金字塔理论提高高中数学教学实效_刘雯.pdf,https://math-1415627924.cos.ap-guangzhou.myqcloud.com/math-teaching-resources/理论卡片/理论文献/理论卡片三十：学习金字塔理论/运用学习金字塔理论提高高中数学教学实效_刘雯.pdf,成功,2026-04-04 19:25:13,math-teaching-resources/理论卡片,理论文献\理论卡片三十：学习金字塔理论\运用学习金字塔理论提高高中数学教学实效_刘雯.pdf
元认知理论视域下高中学生问题解决能力培养的教学研究_辛苗源.pdf,4134710,D:\资源推荐\理论卡片\理论卡片\理论文献\理论卡片三：元认知理论\元认知理论视域下高中学生问题解决能力培养的教学研究_辛苗源.pdf,math-teaching-resources/理论卡片/理论文献/理论卡片三：元认知理论/元认知理论视域下高中学生问题解决能力培养的教学研究_辛苗源.pdf,https://math-1415627924.cos.ap-guangzhou.myqcloud.com/math-teaching-resources/理论卡片/理论文献/理论卡片三：元认知理论/元认知理论视域下高中学生问题解决能力培养的教学研究_辛苗源.pdf,成功,2026-04-04 19:25:15,math-teaching-resources/理论卡片,理论文献\理论卡片三：元认知理论\元认知理论视域下高中学生问题解决能力培养的教学研究_辛苗源.pdf
基于元认知理论的高中数学建模教学策略研究_何靖雯.pdf,4375332,D:\资源推荐\理论卡片\理论卡片\理论文献\理论卡片三：元认知理论\基于元认知理论的高中数学建模教学策略研究_何靖雯.pdf,math-teaching-resources/理论卡片/理论文献/理论卡片三：元认知理论/基于元认知理论的高中数学建模教学策略研究_何靖雯.pdf,https://math-1415627924.cos.ap-guangzhou.myqcloud.com/math-teaching-resources/理论卡片/理论文献/理论卡片三：元认知理论/基于元认知理论的高中数学建模教学策略研究_何靖雯.pdf,成功,2026-04-04 19:25:17,math-teaching-resources/理论卡片,理论文献\理论卡片三：元认知理论\基于元认知理论的高中数学建模教学策略研究_何靖雯.pdf
基于元认知理论的高中数学教学方法探究——以“球与几何体的切接”为例_王小燕.pdf,1245283,D:\资源推荐\理论卡片\理论卡片\理论文献\理论卡片三：元认知理论\基于元认知理论的高中数学教学方法探究——以“球与几何体的切接”为例_王小燕.pdf,math-teaching-resources/理论卡片/理论文献/理论卡片三：元认知理论/基于元认知理论的高中数学教学方法探究——以“球与几何体的切接”为例_王小燕.pdf,https://math-1415627924.cos.ap-guangzhou.myqcloud.com/math-teaching-resources/理论卡片/理论文献/理论卡片三：元认知理论/基于元认知理论的高中数学教学方法探究——以“球与几何体的切接”为例_王小燕.pdf,成功,2026-04-04 19:25:18,math-teaching-resources/理论卡片,理论文献\理论卡片三：元认知理论\基于元认知理论的高中数学教学方法探究——以“球与几何体的切接”为例_王小燕.pdf
“最近发展区”理念下的问题链教学——以“函数奇偶性”教学为例_李若璕.pdf,185432,D:\资源推荐\理论卡片\理论卡片\理论文献\理论卡片九：“最近发展区”理论\“最近发展区”理念下的问题链教学——以“函数奇偶性”教学为例_李若璕.pdf,math-teaching-resources/理论卡片/理论文献/理论卡片九：“最近发展区”理论/“最近发展区”理念下的问题链教学——以“函数奇偶性”教学为例_李若璕.pdf,https://math-1415627924.cos.ap-guangzhou.myqcloud.com/math-teaching-resources/理论卡片/理论文献/理论卡片九：“最近发展区”理论/“最近发展区”理念下的问题链教学——以“函数奇偶性”教学为例_李若璕.pdf,成功,2026-04-04 19:25:18,math-teaching-resources/理论卡片,理论文献\理论卡片九：“最近发展区”理论\“最近发展区”理念下的问题链教学——以“函数奇偶性”教学为例_李若璕.pdf
“最近发展区”理论下高中数学隐性分层教学实践研究_樊品.pdf,2935164,D:\资源推荐\理论卡片\理论卡片\理论文献\理论卡片九：“最近发展区”理论\“最近发展区”理论下高中数学隐性分层教学实践研究_樊品.pdf,math-teaching-resources/理论卡片/理论文献/理论卡片九：“最近发展区”理论/“最近发展区”理论下高中数学隐性分层教学实践研究_樊品.pdf,https://math-1415627924.cos.ap-guangzhou.myqcloud.com/math-teaching-resources/理论卡片/理论文献/理论卡片九：“最近发展区”理论/“最近发展区”理论下高中数学隐性分层教学实践研究_樊品.pdf,成功,2026-04-04 19:25:20,math-teaching-resources/理论卡片,理论文献\理论卡片九：“最近发展区”理论\“最近发展区”理论下高中数学隐性分层教学实践研究_樊品.pdf
“最近发展区”理论在差异化作业设计中的案例研究——以“圆”单元为例_杜光耀.pdf,1090418,D:\资源推荐\理论卡片\理论卡片\理论文献\理论卡片九：“最近发展区”理论\“最近发展区”理论在差异化作业设计中的案例研究——以“圆”单元为例_杜光耀.pdf,math-teaching-resources/理论卡片/理论文献/理论卡片九：“最近发展区”理论/“最近发展区”理论在差异化作业设计中的案例研究——以“圆”单元为例_杜光耀.pdf,https://math-1415627924.cos.ap-guangzhou.myqcloud.com/math-teaching-resources/理论卡片/理论文献/理论卡片九：“最近发展区”理论/“最近发展区”理论在差异化作业设计中的案例研究——以“圆”单元为例_杜光耀.pdf,成功,2026-04-04 19:25:21,math-teaching-resources/理论卡片,理论文献\理论卡片九：“最近发展区”理论\“最近发展区”理论在差异化作业设计中的案例研究——以“圆”单元为例_杜光耀.pdf
基于“最近发展区”理论下对高中数学分层教学的探究与思考_傅文菊.pdf,6977505,D:\资源推荐\理论卡片\理论卡片\理论文献\理论卡片九：“最近发展区”理论\基于“最近发展区”理论下对高中数学分层教学的探究与思考_傅文菊.pdf,math-teaching-resources/理论卡片/理论文献/理论卡片九：“最近发展区”理论/基于“最近发展区”理论下对高中数学分层教学的探究与思考_傅文菊.pdf,https://math-1415627924.cos.ap-guangzhou.myqcloud.com/math-teaching-resources/理论卡片/理论文献/理论卡片九：“最近发展区”理论/基于“最近发展区”理论下对高中数学分层教学的探究与思考_傅文菊.pdf,成功,2026-04-04 19:25:24,math-teaching-resources/理论卡片,理论文献\理论卡片九：“最近发展区”理论\基于“最近发展区”理论下对高中数学分层教学的探究与思考_傅文菊.pdf
基于“最近发展区”理论的数学课堂教学实践——以“等比数列前n项和”教学为例_潘爱花 (1).pdf,787819,D:\资源推荐\理论卡片\理论卡片\理论文献\理论卡片九：“最近发展区”理论\基于“最近发展区”理论的数学课堂教学实践——以“等比数列前n项和”教学为例_潘爱花 (1).pdf,math-teaching-resources/理论卡片/理论文献/理论卡片九：“最近发展区”理论/基于“最近发展区”理论的数学课堂教学实践——以“等比数列前n项和”教学为例_潘爱花 (1).pdf,https://math-1415627924.cos.ap-guangzhou.myqcloud.com/math-teaching-resources/理论卡片/理论文献/理论卡片九：“最近发展区”理论/基于“最近发展区”理论的数学课堂教学实践——以“等比数列前n项和”教学为例_潘爱花 (1).pdf,成功,2026-04-04 19:25:25,math-teaching-resources/理论卡片,理论文献\理论卡片九：“最近发展区”理论\基于“最近发展区”理论的数学课堂教学实践——以“等比数列前n项和”教学为例_潘爱花 (1).pdf
基于最近发展区理论的函数教学研究_张妮.pdf,9530787,D:\资源推荐\理论卡片\理论卡片\理论文献\理论卡片九：“最近发展区”理论\基于最近发展区理论的函数教学研究_张妮.pdf,math-teaching-resources/理论卡片/理论文献/理论卡片九：“最近发展区”理论/基于最近发展区理论的函数教学研究_张妮.pdf,https://math-1415627924.cos.ap-guangzhou.myqcloud.com/math-teaching-resources/理论卡片/理论文献/理论卡片九：“最近发展区”理论/基于最近发展区理论的函数教学研究_张妮.pdf,成功,2026-04-04 19:25:30,math-teaching-resources/理论卡片,理论文献\理论卡片九：“最近发展区”理论\基于最近发展区理论的函数教学研究_张妮.pdf
基于最近发展区的精准教学课堂实践研究_许丽丽.pdf,634521,D:\资源推荐\理论卡片\理论卡片\理论文献\理论卡片九：“最近发展区”理论\基于最近发展区的精准教学课堂实践研究_许丽丽.pdf,math-teaching-resources/理论卡片/理论文献/理论卡片九：“最近发展区”理论/基于最近发展区的精准教学课堂实践研究_许丽丽.pdf,https://math-1415627924.cos.ap-guangzhou.myqcloud.com/math-teaching-resources/理论卡片/理论文献/理论卡片九：“最近发展区”理论/基于最近发展区的精准教学课堂实践研究_许丽丽.pdf,成功,2026-04-04 19:25:30,math-teaching-resources/理论卡片,理论文献\理论卡片九：“最近发展区”理论\基于最近发展区的精准教学课堂实践研究_许丽丽.pdf
最近发展区理论视域下的精准学习模式探究_赵庆海.pdf,1706897,D:\资源推荐\理论卡片\理论卡片\理论文献\理论卡片九：“最近发展区”理论\最近发展区理论视域下的精准学习模式探究_赵庆海.pdf,math-teaching-resources/理论卡片/理论文献/理论卡片九：“最近发展区”理论/最近发展区理论视域下的精准学习模式探究_赵庆海.pdf,https://math-1415627924.cos.ap-guangzhou.myqcloud.com/math-teaching-resources/理论卡片/理论文献/理论卡片九：“最近发展区”理论/最近发展区理论视域下的精准学习模式探究_赵庆海.pdf,成功,2026-04-04 19:25:31,math-teaching-resources/理论卡片,理论文献\理论卡片九：“最近发展区”理论\最近发展区理论视域下的精准学习模式探究_赵庆海.pdf
基于学习迁移理论的高中数学教学策略_赵成祥.pdf,990350,D:\资源推荐\理论卡片\理论卡片\理论文献\理论卡片二十一：学习迁移理论\基于学习迁移理论的高中数学教学策略_赵成祥.pdf,math-teaching-resources/理论卡片/理论文献/理论卡片二十一：学习迁移理论/基于学习迁移理论的高中数学教学策略_赵成祥.pdf,https://math-1415627924.cos.ap-guangzhou.myqcloud.com/math-teaching-resources/理论卡片/理论文献/理论卡片二十一：学习迁移理论/基于学习迁移理论的高中数学教学策略_赵成祥.pdf,成功,2026-04-04 19:25:32,math-teaching-resources/理论卡片,理论文献\理论卡片二十一：学习迁移理论\基于学习迁移理论的高中数学教学策略_赵成祥.pdf
基于迁移理论促进学生深度学习的教学研究_苏佳.pdf,2616948,D:\资源推荐\理论卡片\理论卡片\理论文献\理论卡片二十一：学习迁移理论\基于迁移理论促进学生深度学习的教学研究_苏佳.pdf,math-teaching-resources/理论卡片/理论文献/理论卡片二十一：学习迁移理论/基于迁移理论促进学生深度学习的教学研究_苏佳.pdf,https://math-1415627924.cos.ap-guangzhou.myqcloud.com/math-teaching-resources/理论卡片/理论文献/理论卡片二十一：学习迁移理论/基于迁移理论促进学生深度学习的教学研究_苏佳.pdf,成功,2026-04-04 19:25:33,math-teaching-resources/理论卡片,理论文献\理论卡片二十一：学习迁移理论\基于迁移理论促进学生深度学习的教学研究_苏佳.pdf
基于迁移理论的高中数学有效学习方法研究_张子鉴.pdf,142827,D:\资源推荐\理论卡片\理论卡片\理论文献\理论卡片二十一：学习迁移理论\基于迁移理论的高中数学有效学习方法研究_张子鉴.pdf,math-teaching-resources/理论卡片/理论文献/理论卡片二十一：学习迁移理论/基于迁移理论的高中数学有效学习方法研究_张子鉴.pdf,https://math-1415627924.cos.ap-guangzhou.myqcloud.com/math-teaching-resources/理论卡片/理论文献/理论卡片二十一：学习迁移理论/基于迁移理论的高中数学有效学习方法研究_张子鉴.pdf,成功,2026-04-04 19:25:34,math-teaching-resources/理论卡片,理论文献\理论卡片二十一：学习迁移理论\基于迁移理论的高中数学有效学习方法研究_张子鉴.pdf
学习迁移理论下高中三角函数教学的现状研究_翟玉秀.pdf,7773956,D:\资源推荐\理论卡片\理论卡片\理论文献\理论卡片二十一：学习迁移理论\学习迁移理论下高中三角函数教学的现状研究_翟玉秀.pdf,math-teaching-resources/理论卡片/理论文献/理论卡片二十一：学习迁移理论/学习迁移理论下高中三角函数教学的现状研究_翟玉秀.pdf,https://math-1415627924.cos.ap-guangzhou.myqcloud.com/math-teaching-resources/理论卡片/理论文献/理论卡片二十一：学习迁移理论/学习迁移理论下高中三角函数教学的现状研究_翟玉秀.pdf,成功,2026-04-04 19:25:38,math-teaching-resources/理论卡片,理论文献\理论卡片二十一：学习迁移理论\学习迁移理论下高中三角函数教学的现状研究_翟玉秀.pdf
学习迁移理论在高中数学教学中的应用探析_段文.pdf,1175714,D:\资源推荐\理论卡片\理论卡片\理论文献\理论卡片二十一：学习迁移理论\学习迁移理论在高中数学教学中的应用探析_段文.pdf,math-teaching-resources/理论卡片/理论文献/理论卡片二十一：学习迁移理论/学习迁移理论在高中数学教学中的应用探析_段文.pdf,https://math-1415627924.cos.ap-guangzhou.myqcloud.com/math-teaching-resources/理论卡片/理论文献/理论卡片二十一：学习迁移理论/学习迁移理论在高中数学教学中的应用探析_段文.pdf,成功,2026-04-04 19:25:38,math-teaching-resources/理论卡片,理论文献\理论卡片二十一：学习迁移理论\学习迁移理论在高中数学教学中的应用探析_段文.pdf
学习迁移理论在高中数学教学中的应用研究_关露芬.pdf,2377910,D:\资源推荐\理论卡片\理论卡片\理论文献\理论卡片二十一：学习迁移理论\学习迁移理论在高中数学教学中的应用研究_关露芬.pdf,math-teaching-resources/理论卡片/理论文献/理论卡片二十一：学习迁移理论/学习迁移理论在高中数学教学中的应用研究_关露芬.pdf,https://math-1415627924.cos.ap-guangzhou.myqcloud.com/math-teaching-resources/理论卡片/理论文献/理论卡片二十一：学习迁移理论/学习迁移理论在高中数学教学中的应用研究_关露芬.pdf,成功,2026-04-04 19:25:40,math-teaching-resources/理论卡片,理论文献\理论卡片二十一：学习迁移理论\学习迁移理论在高中数学教学中的应用研究_关露芬.pdf
学习迁移理论在高中数学教学中的应用研究_吴春乔.pdf,1147610,D:\资源推荐\理论卡片\理论卡片\理论文献\理论卡片二十一：学习迁移理论\学习迁移理论在高中数学教学中的应用研究_吴春乔.pdf,math-teaching-resources/理论卡片/理论文献/理论卡片二十一：学习迁移理论/学习迁移理论在高中数学教学中的应用研究_吴春乔.pdf,https://math-1415627924.cos.ap-guangzhou.myqcloud.com/math-teaching-resources/理论卡片/理论文献/理论卡片二十一：学习迁移理论/学习迁移理论在高中数学教学中的应用研究_吴春乔.pdf,成功,2026-04-04 19:25:40,math-teaching-resources/理论卡片,理论文献\理论卡片二十一：学习迁移理论\学习迁移理论在高中数学教学中的应用研究_吴春乔.pdf
学习迁移理论在高中数学教学中的应用路径_李满满 (1).pdf,467023,D:\资源推荐\理论卡片\理论卡片\理论文献\理论卡片二十一：学习迁移理论\学习迁移理论在高中数学教学中的应用路径_李满满 (1).pdf,math-teaching-resources/理论卡片/理论文献/理论卡片二十一：学习迁移理论/学习迁移理论在高中数学教学中的应用路径_李满满 (1).pdf,https://math-1415627924.cos.ap-guangzhou.myqcloud.com/math-teaching-resources/理论卡片/理论文献/理论卡片二十一：学习迁移理论/学习迁移理论在高中数学教学中的应用路径_李满满 (1).pdf,成功,2026-04-04 19:25:41,math-teaching-resources/理论卡片,理论文献\理论卡片二十一：学习迁移理论\学习迁移理论在高中数学教学中的应用路径_李满满 (1).pdf
CPFS结构下高中数学单元教学设计研究_武丹玲.pdf,5318253,D:\资源推荐\理论卡片\理论卡片\理论文献\理论卡片二十七：CPFS结构理论\CPFS结构下高中数学单元教学设计研究_武丹玲.pdf,math-teaching-resources/理论卡片/理论文献/理论卡片二十七：CPFS结构理论/CPFS结构下高中数学单元教学设计研究_武丹玲.pdf,https://math-1415627924.cos.ap-guangzhou.myqcloud.com/math-teaching-resources/理论卡片/理论文献/理论卡片二十七：CPFS结构理论/CPFS结构下高中数学单元教学设计研究_武丹玲.pdf,成功,2026-04-04 19:25:44,math-teaching-resources/理论卡片,理论文献\理论卡片二十七：CPFS结构理论\CPFS结构下高中数学单元教学设计研究_武丹玲.pdf
CPFS结构理论下的高中圆锥曲线教学研究_靳竹青.pdf,6007509,D:\资源推荐\理论卡片\理论卡片\理论文献\理论卡片二十七：CPFS结构理论\CPFS结构理论下的高中圆锥曲线教学研究_靳竹青.pdf,math-teaching-resources/理论卡片/理论文献/理论卡片二十七：CPFS结构理论/CPFS结构理论下的高中圆锥曲线教学研究_靳竹青.pdf,https://math-1415627924.cos.ap-guangzhou.myqcloud.com/math-teaching-resources/理论卡片/理论文献/理论卡片二十七：CPFS结构理论/CPFS结构理论下的高中圆锥曲线教学研究_靳竹青.pdf,成功,2026-04-04 19:25:47,math-teaching-resources/理论卡片,理论文献\理论卡片二十七：CPFS结构理论\CPFS结构理论下的高中圆锥曲线教学研究_靳竹青.pdf
CPFS结构视角下高中数学概念教学的实践研究_高媛.pdf,5617142,D:\资源推荐\理论卡片\理论卡片\理论文献\理论卡片二十七：CPFS结构理论\CPFS结构视角下高中数学概念教学的实践研究_高媛.pdf,math-teaching-resources/理论卡片/理论文献/理论卡片二十七：CPFS结构理论/CPFS结构视角下高中数学概念教学的实践研究_高媛.pdf,https://math-1415627924.cos.ap-guangzhou.myqcloud.com/math-teaching-resources/理论卡片/理论文献/理论卡片二十七：CPFS结构理论/CPFS结构视角下高中数学概念教学的实践研究_高媛.pdf,成功,2026-04-04 19:25:50,math-teaching-resources/理论卡片,理论文献\理论卡片二十七：CPFS结构理论\CPFS结构视角下高中数学概念教学的实践研究_高媛.pdf
基于CPFS的“等比数列求和公式”教学设计_李东瑞.pdf,242071,D:\资源推荐\理论卡片\理论卡片\理论文献\理论卡片二十七：CPFS结构理论\基于CPFS的“等比数列求和公式”教学设计_李东瑞.pdf,math-teaching-resources/理论卡片/理论文献/理论卡片二十七：CPFS结构理论/基于CPFS的“等比数列求和公式”教学设计_李东瑞.pdf,https://math-1415627924.cos.ap-guangzhou.myqcloud.com/math-teaching-resources/理论卡片/理论文献/理论卡片二十七：CPFS结构理论/基于CPFS的“等比数列求和公式”教学设计_李东瑞.pdf,成功,2026-04-04 19:25:50,math-teaching-resources/理论卡片,理论文献\理论卡片二十七：CPFS结构理论\基于CPFS的“等比数列求和公式”教学设计_李东瑞.pdf
基于CPFS结构下的高中数学教学研究_王若璇.pdf,4634544,D:\资源推荐\理论卡片\理论卡片\理论文献\理论卡片二十七：CPFS结构理论\基于CPFS结构下的高中数学教学研究_王若璇.pdf,math-teaching-resources/理论卡片/理论文献/理论卡片二十七：CPFS结构理论/基于CPFS结构下的高中数学教学研究_王若璇.pdf,https://math-1415627924.cos.ap-guangzhou.myqcloud.com/math-teaching-resources/理论卡片/理论文献/理论卡片二十七：CPFS结构理论/基于CPFS结构下的高中数学教学研究_王若璇.pdf,成功,2026-04-04 19:25:53,math-teaching-resources/理论卡片,理论文献\理论卡片二十七：CPFS结构理论\基于CPFS结构下的高中数学教学研究_王若璇.pdf
基于CPFS结构培养学生数学问题提出能力的教学策略研究_邹佳琦.pdf,2614616,D:\资源推荐\理论卡片\理论卡片\理论文献\理论卡片二十七：CPFS结构理论\基于CPFS结构培养学生数学问题提出能力的教学策略研究_邹佳琦.pdf,math-teaching-resources/理论卡片/理论文献/理论卡片二十七：CPFS结构理论/基于CPFS结构培养学生数学问题提出能力的教学策略研究_邹佳琦.pdf,https://math-1415627924.cos.ap-guangzhou.myqcloud.com/math-teaching-resources/理论卡片/理论文献/理论卡片二十七：CPFS结构理论/基于CPFS结构培养学生数学问题提出能力的教学策略研究_邹佳琦.pdf,成功,2026-04-04 19:25:54,math-teaching-resources/理论卡片,理论文献\理论卡片二十七：CPFS结构理论\基于CPFS结构培养学生数学问题提出能力的教学策略研究_邹佳琦.pdf
基于CPFS结构理论的“两角差的余弦公式”教学设计_王跃男.pdf,1084228,D:\资源推荐\理论卡片\理论卡片\理论文献\理论卡片二十七：CPFS结构理论\基于CPFS结构理论的“两角差的余弦公式”教学设计_王跃男.pdf,math-teaching-resources/理论卡片/理论文献/理论卡片二十七：CPFS结构理论/基于CPFS结构理论的“两角差的余弦公式”教学设计_王跃男.pdf,https://math-1415627924.cos.ap-guangzhou.myqcloud.com/math-teaching-resources/理论卡片/理论文献/理论卡片二十七：CPFS结构理论/基于CPFS结构理论的“两角差的余弦公式”教学设计_王跃男.pdf,成功,2026-04-04 19:25:55,math-teaching-resources/理论卡片,理论文献\理论卡片二十七：CPFS结构理论\基于CPFS结构理论的“两角差的余弦公式”教学设计_王跃男.pdf
基于CPFS结构理论的数学教学研究_黄佳.pdf,3953465,D:\资源推荐\理论卡片\理论卡片\理论文献\理论卡片二十七：CPFS结构理论\基于CPFS结构理论的数学教学研究_黄佳.pdf,math-teaching-resources/理论卡片/理论文献/理论卡片二十七：CPFS结构理论/基于CPFS结构理论的数学教学研究_黄佳.pdf,https://math-1415627924.cos.ap-guangzhou.myqcloud.com/math-teaching-resources/理论卡片/理论文献/理论卡片二十七：CPFS结构理论/基于CPFS结构理论的数学教学研究_黄佳.pdf,成功,2026-04-04 19:25:57,math-teaching-resources/理论卡片,理论文献\理论卡片二十七：CPFS结构理论\基于CPFS结构理论的数学教学研究_黄佳.pdf
基于CPFS结构理论的立体几何教学研究_陈琪.pdf,4607950,D:\资源推荐\理论卡片\理论卡片\理论文献\理论卡片二十七：CPFS结构理论\基于CPFS结构理论的立体几何教学研究_陈琪.pdf,math-teaching-resources/理论卡片/理论文献/理论卡片二十七：CPFS结构理论/基于CPFS结构理论的立体几何教学研究_陈琪.pdf,https://math-1415627924.cos.ap-guangzhou.myqcloud.com/math-teaching-resources/理论卡片/理论文献/理论卡片二十七：CPFS结构理论/基于CPFS结构理论的立体几何教学研究_陈琪.pdf,成功,2026-04-04 19:26:00,math-teaching-resources/理论卡片,理论文献\理论卡片二十七：CPFS结构理论\基于CPFS结构理论的立体几何教学研究_陈琪.pdf
基于CPFS结构理论的高中数学命题教学研究_王紫微.pdf,3572994,D:\资源推荐\理论卡片\理论卡片\理论文献\理论卡片二十七：CPFS结构理论\基于CPFS结构理论的高中数学命题教学研究_王紫微.pdf,math-teaching-resources/理论卡片/理论文献/理论卡片二十七：CPFS结构理论/基于CPFS结构理论的高中数学命题教学研究_王紫微.pdf,https://math-1415627924.cos.ap-guangzhou.myqcloud.com/math-teaching-resources/理论卡片/理论文献/理论卡片二十七：CPFS结构理论/基于CPFS结构理论的高中数学命题教学研究_王紫微.pdf,成功,2026-04-04 19:26:02,math-teaching-resources/理论卡片,理论文献\理论卡片二十七：CPFS结构理论\基于CPFS结构理论的高中数学命题教学研究_王紫微.pdf
基于CPFS结构理论的高中数学概念教学探索_李慧娟.pdf,1303807,D:\资源推荐\理论卡片\理论卡片\理论文献\理论卡片二十七：CPFS结构理论\基于CPFS结构理论的高中数学概念教学探索_李慧娟.pdf,math-teaching-resources/理论卡片/理论文献/理论卡片二十七：CPFS结构理论/基于CPFS结构理论的高中数学概念教学探索_李慧娟.pdf,https://math-1415627924.cos.ap-guangzhou.myqcloud.com/math-teaching-resources/理论卡片/理论文献/理论卡片二十七：CPFS结构理论/基于CPFS结构理论的高中数学概念教学探索_李慧娟.pdf,成功,2026-04-04 19:26:03,math-teaching-resources/理论卡片,理论文献\理论卡片二十七：CPFS结构理论\基于CPFS结构理论的高中数学概念教学探索_李慧娟.pdf
基于CPFS结构的函数概念与性质教学策略研究_师翠娜.pdf,5399915,D:\资源推荐\理论卡片\理论卡片\理论文献\理论卡片二十七：CPFS结构理论\基于CPFS结构的函数概念与性质教学策略研究_师翠娜.pdf,math-teaching-resources/理论卡片/理论文献/理论卡片二十七：CPFS结构理论/基于CPFS结构的函数概念与性质教学策略研究_师翠娜.pdf,https://math-1415627924.cos.ap-guangzhou.myqcloud.com/math-teaching-resources/理论卡片/理论文献/理论卡片二十七：CPFS结构理论/基于CPFS结构的函数概念与性质教学策略研究_师翠娜.pdf,成功,2026-04-04 19:26:06,math-teaching-resources/理论卡片,理论文献\理论卡片二十七：CPFS结构理论\基于CPFS结构的函数概念与性质教学策略研究_师翠娜.pdf
基于CPFS结构的圆锥曲线教学研究——以“椭圆的简单几何性质”为例_黄婕.pdf,1083099,D:\资源推荐\理论卡片\理论卡片\理论文献\理论卡片二十七：CPFS结构理论\基于CPFS结构的圆锥曲线教学研究——以“椭圆的简单几何性质”为例_黄婕.pdf,math-teaching-resources/理论卡片/理论文献/理论卡片二十七：CPFS结构理论/基于CPFS结构的圆锥曲线教学研究——以“椭圆的简单几何性质”为例_黄婕.pdf,https://math-1415627924.cos.ap-guangzhou.myqcloud.com/math-teaching-resources/理论卡片/理论文献/理论卡片二十七：CPFS结构理论/基于CPFS结构的圆锥曲线教学研究——以“椭圆的简单几何性质”为例_黄婕.pdf,成功,2026-04-04 19:26:06,math-teaching-resources/理论卡片,理论文献\理论卡片二十七：CPFS结构理论\基于CPFS结构的圆锥曲线教学研究——以“椭圆的简单几何性质”为例_黄婕.pdf
基于CPFS结构的数学概念教学研究——以“椭圆的定义及其标准方程”为例_罗柳.pdf,1374906,D:\资源推荐\理论卡片\理论卡片\理论文献\理论卡片二十七：CPFS结构理论\基于CPFS结构的数学概念教学研究——以“椭圆的定义及其标准方程”为例_罗柳.pdf,math-teaching-resources/理论卡片/理论文献/理论卡片二十七：CPFS结构理论/基于CPFS结构的数学概念教学研究——以“椭圆的定义及其标准方程”为例_罗柳.pdf,https://math-1415627924.cos.ap-guangzhou.myqcloud.com/math-teaching-resources/理论卡片/理论文献/理论卡片二十七：CPFS结构理论/基于CPFS结构的数学概念教学研究——以“椭圆的定义及其标准方程”为例_罗柳.pdf,成功,2026-04-04 19:26:07,math-teaching-resources/理论卡片,理论文献\理论卡片二十七：CPFS结构理论\基于CPFS结构的数学概念教学研究——以“椭圆的定义及其标准方程”为例_罗柳.pdf
基于CPFS结构的高中基本初等函数教学研究_缪静.pdf,6102698,D:\资源推荐\理论卡片\理论卡片\理论文献\理论卡片二十七：CPFS结构理论\基于CPFS结构的高中基本初等函数教学研究_缪静.pdf,math-teaching-resources/理论卡片/理论文献/理论卡片二十七：CPFS结构理论/基于CPFS结构的高中基本初等函数教学研究_缪静.pdf,https://math-1415627924.cos.ap-guangzhou.myqcloud.com/math-teaching-resources/理论卡片/理论文献/理论卡片二十七：CPFS结构理论/基于CPFS结构的高中基本初等函数教学研究_缪静.pdf,成功,2026-04-04 19:26:10,math-teaching-resources/理论卡片,理论文献\理论卡片二十七：CPFS结构理论\基于CPFS结构的高中基本初等函数教学研究_缪静.pdf
UbD理论下的高中数学大单元教学设计研究_吴小妹.pdf,1997290,D:\资源推荐\理论卡片\理论卡片\理论文献\理论卡片二十三：UbD理论\UbD理论下的高中数学大单元教学设计研究_吴小妹.pdf,math-teaching-resources/理论卡片/理论文献/理论卡片二十三：UbD理论/UbD理论下的高中数学大单元教学设计研究_吴小妹.pdf,https://math-1415627924.cos.ap-guangzhou.myqcloud.com/math-teaching-resources/理论卡片/理论文献/理论卡片二十三：UbD理论/UbD理论下的高中数学大单元教学设计研究_吴小妹.pdf,成功,2026-04-04 19:26:12,math-teaching-resources/理论卡片,理论文献\理论卡片二十三：UbD理论\UbD理论下的高中数学大单元教学设计研究_吴小妹.pdf
UbD理论在高中数学章起始课中的实践探索——以“集合的概念”为例_罗文波.pdf,1343612,D:\资源推荐\理论卡片\理论卡片\理论文献\理论卡片二十三：UbD理论\UbD理论在高中数学章起始课中的实践探索——以“集合的概念”为例_罗文波.pdf,math-teaching-resources/理论卡片/理论文献/理论卡片二十三：UbD理论/UbD理论在高中数学章起始课中的实践探索——以“集合的概念”为例_罗文波.pdf,https://math-1415627924.cos.ap-guangzhou.myqcloud.com/math-teaching-resources/理论卡片/理论文献/理论卡片二十三：UbD理论/UbD理论在高中数学章起始课中的实践探索——以“集合的概念”为例_罗文波.pdf,成功,2026-04-04 19:26:12,math-teaching-resources/理论卡片,理论文献\理论卡片二十三：UbD理论\UbD理论在高中数学章起始课中的实践探索——以“集合的概念”为例_罗文波.pdf
UbD视域下圆锥曲线单元教学设计及实践研究_王君.pdf,2353443,D:\资源推荐\理论卡片\理论卡片\理论文献\理论卡片二十三：UbD理论\UbD视域下圆锥曲线单元教学设计及实践研究_王君.pdf,math-teaching-resources/理论卡片/理论文献/理论卡片二十三：UbD理论/UbD视域下圆锥曲线单元教学设计及实践研究_王君.pdf,https://math-1415627924.cos.ap-guangzhou.myqcloud.com/math-teaching-resources/理论卡片/理论文献/理论卡片二十三：UbD理论/UbD视域下圆锥曲线单元教学设计及实践研究_王君.pdf,成功,2026-04-04 19:26:14,math-teaching-resources/理论卡片,理论文献\理论卡片二十三：UbD理论\UbD视域下圆锥曲线单元教学设计及实践研究_王君.pdf
基于UbD理论促进高中数学深度学习的教学实践探究_林丽娟.pdf,117534,D:\资源推荐\理论卡片\理论卡片\理论文献\理论卡片二十三：UbD理论\基于UbD理论促进高中数学深度学习的教学实践探究_林丽娟.pdf,math-teaching-resources/理论卡片/理论文献/理论卡片二十三：UbD理论/基于UbD理论促进高中数学深度学习的教学实践探究_林丽娟.pdf,https://math-1415627924.cos.ap-guangzhou.myqcloud.com/math-teaching-resources/理论卡片/理论文献/理论卡片二十三：UbD理论/基于UbD理论促进高中数学深度学习的教学实践探究_林丽娟.pdf,成功,2026-04-04 19:26:14,math-teaching-resources/理论卡片,理论文献\理论卡片二十三：UbD理论\基于UbD理论促进高中数学深度学习的教学实践探究_林丽娟.pdf
基于UbD理论的高三数学“微专题”设计实践研究——以“直线与圆相交、相切的有关问题”为例_吴姚志.pdf,1205839,D:\资源推荐\理论卡片\理论卡片\理论文献\理论卡片二十三：UbD理论\基于UbD理论的高三数学“微专题”设计实践研究——以“直线与圆相交、相切的有关问题”为例_吴姚志.pdf,math-teaching-resources/理论卡片/理论文献/理论卡片二十三：UbD理论/基于UbD理论的高三数学“微专题”设计实践研究——以“直线与圆相交、相切的有关问题”为例_吴姚志.pdf,https://math-1415627924.cos.ap-guangzhou.myqcloud.com/math-teaching-resources/理论卡片/理论文献/理论卡片二十三：UbD理论/基于UbD理论的高三数学“微专题”设计实践研究——以“直线与圆相交、相切的有关问题”为例_吴姚志.pdf,成功,2026-04-04 19:26:15,math-teaching-resources/理论卡片,理论文献\理论卡片二十三：UbD理论\基于UbD理论的高三数学“微专题”设计实践研究——以“直线与圆相交、相切的有关问题”为例_吴姚志.pdf
基于UbD理论的高中平面向量单元教学设计研究_李雪琦.pdf,4369160,D:\资源推荐\理论卡片\理论卡片\理论文献\理论卡片二十三：UbD理论\基于UbD理论的高中平面向量单元教学设计研究_李雪琦.pdf,math-teaching-resources/理论卡片/理论文献/理论卡片二十三：UbD理论/基于UbD理论的高中平面向量单元教学设计研究_李雪琦.pdf,https://math-1415627924.cos.ap-guangzhou.myqcloud.com/math-teaching-resources/理论卡片/理论文献/理论卡片二十三：UbD理论/基于UbD理论的高中平面向量单元教学设计研究_李雪琦.pdf,成功,2026-04-04 19:26:17,math-teaching-resources/理论卡片,理论文献\理论卡片二十三：UbD理论\基于UbD理论的高中平面向量单元教学设计研究_李雪琦.pdf
基于UbD理论的高中数学“教—学—评”一体化研究——以《方程思想在解三角形中的应用》一课的教学为例_许清清.pdf,1490498,D:\资源推荐\理论卡片\理论卡片\理论文献\理论卡片二十三：UbD理论\基于UbD理论的高中数学“教—学—评”一体化研究——以《方程思想在解三角形中的应用》一课的教学为例_许清清.pdf,math-teaching-resources/理论卡片/理论文献/理论卡片二十三：UbD理论/基于UbD理论的高中数学“教—学—评”一体化研究——以《方程思想在解三角形中的应用》一课的教学为例_许清清.pdf,https://math-1415627924.cos.ap-guangzhou.myqcloud.com/math-teaching-resources/理论卡片/理论文献/理论卡片二十三：UbD理论/基于UbD理论的高中数学“教—学—评”一体化研究——以《方程思想在解三角形中的应用》一课的教学为例_许清清.pdf,成功,2026-04-04 19:26:18,math-teaching-resources/理论卡片,理论文献\理论卡片二十三：UbD理论\基于UbD理论的高中数学“教—学—评”一体化研究——以《方程思想在解三角形中的应用》一课的教学为例_许清清.pdf
基于UbD理论的高中数学单元教学设计_王锐.pdf,4185612,D:\资源推荐\理论卡片\理论卡片\理论文献\理论卡片二十三：UbD理论\基于UbD理论的高中数学单元教学设计_王锐.pdf,math-teaching-resources/理论卡片/理论文献/理论卡片二十三：UbD理论/基于UbD理论的高中数学单元教学设计_王锐.pdf,https://math-1415627924.cos.ap-guangzhou.myqcloud.com/math-teaching-resources/理论卡片/理论文献/理论卡片二十三：UbD理论/基于UbD理论的高中数学单元教学设计_王锐.pdf,成功,2026-04-04 19:26:20,math-teaching-resources/理论卡片,理论文献\理论卡片二十三：UbD理论\基于UbD理论的高中数学单元教学设计_王锐.pdf
基于UbD理论的高中数学单元教学设计——以“数列”为例_李炜明 (1).pdf,1323622,D:\资源推荐\理论卡片\理论卡片\理论文献\理论卡片二十三：UbD理论\基于UbD理论的高中数学单元教学设计——以“数列”为例_李炜明 (1).pdf,math-teaching-resources/理论卡片/理论文献/理论卡片二十三：UbD理论/基于UbD理论的高中数学单元教学设计——以“数列”为例_李炜明 (1).pdf,https://math-1415627924.cos.ap-guangzhou.myqcloud.com/math-teaching-resources/理论卡片/理论文献/理论卡片二十三：UbD理论/基于UbD理论的高中数学单元教学设计——以“数列”为例_李炜明 (1).pdf,成功,2026-04-04 19:26:21,math-teaching-resources/理论卡片,理论文献\理论卡片二十三：UbD理论\基于UbD理论的高中数学单元教学设计——以“数列”为例_李炜明 (1).pdf
基于UbD理论的高中数学单元教学设计与实践_梁志佩.pdf,2627691,D:\资源推荐\理论卡片\理论卡片\理论文献\理论卡片二十三：UbD理论\基于UbD理论的高中数学单元教学设计与实践_梁志佩.pdf,math-teaching-resources/理论卡片/理论文献/理论卡片二十三：UbD理论/基于UbD理论的高中数学单元教学设计与实践_梁志佩.pdf,https://math-1415627924.cos.ap-guangzhou.myqcloud.com/math-teaching-resources/理论卡片/理论文献/理论卡片二十三：UbD理论/基于UbD理论的高中数学单元教学设计与实践_梁志佩.pdf,成功,2026-04-04 19:26:22,math-teaching-resources/理论卡片,理论文献\理论卡片二十三：UbD理论\基于UbD理论的高中数学单元教学设计与实践_梁志佩.pdf
基于UbD理论的高中数学统计教学实践研究_鲁成全.pdf,6969695,D:\资源推荐\理论卡片\理论卡片\理论文献\理论卡片二十三：UbD理论\基于UbD理论的高中数学统计教学实践研究_鲁成全.pdf,math-teaching-resources/理论卡片/理论文献/理论卡片二十三：UbD理论/基于UbD理论的高中数学统计教学实践研究_鲁成全.pdf,https://math-1415627924.cos.ap-guangzhou.myqcloud.com/math-teaching-resources/理论卡片/理论文献/理论卡片二十三：UbD理论/基于UbD理论的高中数学统计教学实践研究_鲁成全.pdf,成功,2026-04-04 19:26:26,math-teaching-resources/理论卡片,理论文献\理论卡片二十三：UbD理论\基于UbD理论的高中数学统计教学实践研究_鲁成全.pdf
基于UbD理论的高中等比数列教学设计研究_顾芯僮.pdf,12078232,D:\资源推荐\理论卡片\理论卡片\理论文献\理论卡片二十三：UbD理论\基于UbD理论的高中等比数列教学设计研究_顾芯僮.pdf,math-teaching-resources/理论卡片/理论文献/理论卡片二十三：UbD理论/基于UbD理论的高中等比数列教学设计研究_顾芯僮.pdf,https://math-1415627924.cos.ap-guangzhou.myqcloud.com/math-teaching-resources/理论卡片/理论文献/理论卡片二十三：UbD理论/基于UbD理论的高中等比数列教学设计研究_顾芯僮.pdf,成功,2026-04-04 19:26:33,math-teaching-resources/理论卡片,理论文献\理论卡片二十三：UbD理论\基于UbD理论的高中等比数列教学设计研究_顾芯僮.pdf
核心素养视角下高中数学UbD单元教学设计研究与实践_张丽婷.pdf,4091944,D:\资源推荐\理论卡片\理论卡片\理论文献\理论卡片二十三：UbD理论\核心素养视角下高中数学UbD单元教学设计研究与实践_张丽婷.pdf,math-teaching-resources/理论卡片/理论文献/理论卡片二十三：UbD理论/核心素养视角下高中数学UbD单元教学设计研究与实践_张丽婷.pdf,https://math-1415627924.cos.ap-guangzhou.myqcloud.com/math-teaching-resources/理论卡片/理论文献/理论卡片二十三：UbD理论/核心素养视角下高中数学UbD单元教学设计研究与实践_张丽婷.pdf,成功,2026-04-04 19:26:35,math-teaching-resources/理论卡片,理论文献\理论卡片二十三：UbD理论\核心素养视角下高中数学UbD单元教学设计研究与实践_张丽婷.pdf
浅谈UbD理论下高三数学复习的高效模式——以“概率”单元复习为例_姚才镇.pdf,756287,D:\资源推荐\理论卡片\理论卡片\理论文献\理论卡片二十三：UbD理论\浅谈UbD理论下高三数学复习的高效模式——以“概率”单元复习为例_姚才镇.pdf,math-teaching-resources/理论卡片/理论文献/理论卡片二十三：UbD理论/浅谈UbD理论下高三数学复习的高效模式——以“概率”单元复习为例_姚才镇.pdf,https://math-1415627924.cos.ap-guangzhou.myqcloud.com/math-teaching-resources/理论卡片/理论文献/理论卡片二十三：UbD理论/浅谈UbD理论下高三数学复习的高效模式——以“概率”单元复习为例_姚才镇.pdf,成功,2026-04-04 19:26:35,math-teaching-resources/理论卡片,理论文献\理论卡片二十三：UbD理论\浅谈UbD理论下高三数学复习的高效模式——以“概率”单元复习为例_姚才镇.pdf
深度学习视域下UbD理论在数学教学中的实践_谭艺蓉.pdf,1190272,D:\资源推荐\理论卡片\理论卡片\理论文献\理论卡片二十三：UbD理论\深度学习视域下UbD理论在数学教学中的实践_谭艺蓉.pdf,math-teaching-resources/理论卡片/理论文献/理论卡片二十三：UbD理论/深度学习视域下UbD理论在数学教学中的实践_谭艺蓉.pdf,https://math-1415627924.cos.ap-guangzhou.myqcloud.com/math-teaching-resources/理论卡片/理论文献/理论卡片二十三：UbD理论/深度学习视域下UbD理论在数学教学中的实践_谭艺蓉.pdf,成功,2026-04-04 19:26:36,math-teaching-resources/理论卡片,理论文献\理论卡片二十三：UbD理论\深度学习视域下UbD理论在数学教学中的实践_谭艺蓉.pdf
基于范希尔几何理论的中学数学教学研究——以“正弦定理”教学为例_陈玉莲.pdf,1205547,D:\资源推荐\理论卡片\理论卡片\理论文献\理论卡片二十九：范希尔理论\基于范希尔几何理论的中学数学教学研究——以“正弦定理”教学为例_陈玉莲.pdf,math-teaching-resources/理论卡片/理论文献/理论卡片二十九：范希尔理论/基于范希尔几何理论的中学数学教学研究——以“正弦定理”教学为例_陈玉莲.pdf,https://math-1415627924.cos.ap-guangzhou.myqcloud.com/math-teaching-resources/理论卡片/理论文献/理论卡片二十九：范希尔理论/基于范希尔几何理论的中学数学教学研究——以“正弦定理”教学为例_陈玉莲.pdf,成功,2026-04-04 19:26:37,math-teaching-resources/理论卡片,理论文献\理论卡片二十九：范希尔理论\基于范希尔几何理论的中学数学教学研究——以“正弦定理”教学为例_陈玉莲.pdf
基于范希尔理论的教学设计——以双曲线的标准方程为例_王俊.pdf,216284,D:\资源推荐\理论卡片\理论卡片\理论文献\理论卡片二十九：范希尔理论\基于范希尔理论的教学设计——以双曲线的标准方程为例_王俊.pdf,math-teaching-resources/理论卡片/理论文献/理论卡片二十九：范希尔理论/基于范希尔理论的教学设计——以双曲线的标准方程为例_王俊.pdf,https://math-1415627924.cos.ap-guangzhou.myqcloud.com/math-teaching-resources/理论卡片/理论文献/理论卡片二十九：范希尔理论/基于范希尔理论的教学设计——以双曲线的标准方程为例_王俊.pdf,成功,2026-04-04 19:26:37,math-teaching-resources/理论卡片,理论文献\理论卡片二十九：范希尔理论\基于范希尔理论的教学设计——以双曲线的标准方程为例_王俊.pdf
戴尔金字塔理论视角下的高职数学教学研究——以函数求极限教学为例_董志华.pdf,1091640,D:\资源推荐\理论卡片\理论卡片\理论文献\理论卡片二十九：范希尔理论\戴尔金字塔理论视角下的高职数学教学研究——以函数求极限教学为例_董志华.pdf,math-teaching-resources/理论卡片/理论文献/理论卡片二十九：范希尔理论/戴尔金字塔理论视角下的高职数学教学研究——以函数求极限教学为例_董志华.pdf,https://math-1415627924.cos.ap-guangzhou.myqcloud.com/math-teaching-resources/理论卡片/理论文献/理论卡片二十九：范希尔理论/戴尔金字塔理论视角下的高职数学教学研究——以函数求极限教学为例_董志华.pdf,成功,2026-04-04 19:26:38,math-teaching-resources/理论卡片,理论文献\理论卡片二十九：范希尔理论\戴尔金字塔理论视角下的高职数学教学研究——以函数求极限教学为例_董志华.pdf
范希尔理论与变式教学整合下的高中立体几何教学研究_欧阳玲娜.pdf,4660249,D:\资源推荐\理论卡片\理论卡片\理论文献\理论卡片二十九：范希尔理论\范希尔理论与变式教学整合下的高中立体几何教学研究_欧阳玲娜.pdf,math-teaching-resources/理论卡片/理论文献/理论卡片二十九：范希尔理论/范希尔理论与变式教学整合下的高中立体几何教学研究_欧阳玲娜.pdf,https://math-1415627924.cos.ap-guangzhou.myqcloud.com/math-teaching-resources/理论卡片/理论文献/理论卡片二十九：范希尔理论/范希尔理论与变式教学整合下的高中立体几何教学研究_欧阳玲娜.pdf,成功,2026-04-04 19:26:40,math-teaching-resources/理论卡片,理论文献\理论卡片二十九：范希尔理论\范希尔理论与变式教学整合下的高中立体几何教学研究_欧阳玲娜.pdf
范希尔理论在立体几何教学中的运用——以“二面角及其平面角”的教学为例_金保源.pdf,730455,D:\资源推荐\理论卡片\理论卡片\理论文献\理论卡片二十九：范希尔理论\范希尔理论在立体几何教学中的运用——以“二面角及其平面角”的教学为例_金保源.pdf,math-teaching-resources/理论卡片/理论文献/理论卡片二十九：范希尔理论/范希尔理论在立体几何教学中的运用——以“二面角及其平面角”的教学为例_金保源.pdf,https://math-1415627924.cos.ap-guangzhou.myqcloud.com/math-teaching-resources/理论卡片/理论文献/理论卡片二十九：范希尔理论/范希尔理论在立体几何教学中的运用——以“二面角及其平面角”的教学为例_金保源.pdf,成功,2026-04-04 19:26:41,math-teaching-resources/理论卡片,理论文献\理论卡片二十九：范希尔理论\范希尔理论在立体几何教学中的运用——以“二面角及其平面角”的教学为例_金保源.pdf
范希尔理论的发展、内核与教育启示_倪筱妤.pdf,876999,D:\资源推荐\理论卡片\理论卡片\理论文献\理论卡片二十九：范希尔理论\范希尔理论的发展、内核与教育启示_倪筱妤.pdf,math-teaching-resources/理论卡片/理论文献/理论卡片二十九：范希尔理论/范希尔理论的发展、内核与教育启示_倪筱妤.pdf,https://math-1415627924.cos.ap-guangzhou.myqcloud.com/math-teaching-resources/理论卡片/理论文献/理论卡片二十九：范希尔理论/范希尔理论的发展、内核与教育启示_倪筱妤.pdf,成功,2026-04-04 19:26:41,math-teaching-resources/理论卡片,理论文献\理论卡片二十九：范希尔理论\范希尔理论的发展、内核与教育启示_倪筱妤.pdf
APOS理论在数学概念教学中的应用探析_李正国 (1).pdf,2137662,D:\资源推荐\理论卡片\理论卡片\理论文献\理论卡片二十二：APOS理论\APOS理论在数学概念教学中的应用探析_李正国 (1).pdf,math-teaching-resources/理论卡片/理论文献/理论卡片二十二：APOS理论/APOS理论在数学概念教学中的应用探析_李正国 (1).pdf,https://math-1415627924.cos.ap-guangzhou.myqcloud.com/math-teaching-resources/理论卡片/理论文献/理论卡片二十二：APOS理论/APOS理论在数学概念教学中的应用探析_李正国 (1).pdf,成功,2026-04-04 19:26:42,math-teaching-resources/理论卡片,理论文献\理论卡片二十二：APOS理论\APOS理论在数学概念教学中的应用探析_李正国 (1).pdf
APOS理论在高中“导数及其应用”概念教学中的实践研究_郭享.pdf,318144,D:\资源推荐\理论卡片\理论卡片\理论文献\理论卡片二十二：APOS理论\APOS理论在高中“导数及其应用”概念教学中的实践研究_郭享.pdf,math-teaching-resources/理论卡片/理论文献/理论卡片二十二：APOS理论/APOS理论在高中“导数及其应用”概念教学中的实践研究_郭享.pdf,https://math-1415627924.cos.ap-guangzhou.myqcloud.com/math-teaching-resources/理论卡片/理论文献/理论卡片二十二：APOS理论/APOS理论在高中“导数及其应用”概念教学中的实践研究_郭享.pdf,成功,2026-04-04 19:26:43,math-teaching-resources/理论卡片,理论文献\理论卡片二十二：APOS理论\APOS理论在高中“导数及其应用”概念教学中的实践研究_郭享.pdf
APOS理论在高中数学概念教学中的应用_王维斌.pdf,1183492,D:\资源推荐\理论卡片\理论卡片\理论文献\理论卡片二十二：APOS理论\APOS理论在高中数学概念教学中的应用_王维斌.pdf,math-teaching-resources/理论卡片/理论文献/理论卡片二十二：APOS理论/APOS理论在高中数学概念教学中的应用_王维斌.pdf,https://math-1415627924.cos.ap-guangzhou.myqcloud.com/math-teaching-resources/理论卡片/理论文献/理论卡片二十二：APOS理论/APOS理论在高中数学概念教学中的应用_王维斌.pdf,成功,2026-04-04 19:26:43,math-teaching-resources/理论卡片,理论文献\理论卡片二十二：APOS理论\APOS理论在高中数学概念教学中的应用_王维斌.pdf
APOS理论视角下的高中数学定理教学设计——以余弦定理为例_何雅晴.pdf,1519528,D:\资源推荐\理论卡片\理论卡片\理论文献\理论卡片二十二：APOS理论\APOS理论视角下的高中数学定理教学设计——以余弦定理为例_何雅晴.pdf,math-teaching-resources/理论卡片/理论文献/理论卡片二十二：APOS理论/APOS理论视角下的高中数学定理教学设计——以余弦定理为例_何雅晴.pdf,https://math-1415627924.cos.ap-guangzhou.myqcloud.com/math-teaching-resources/理论卡片/理论文献/理论卡片二十二：APOS理论/APOS理论视角下的高中数学定理教学设计——以余弦定理为例_何雅晴.pdf,成功,2026-04-04 19:26:44,math-teaching-resources/理论卡片,理论文献\理论卡片二十二：APOS理论\APOS理论视角下的高中数学定理教学设计——以余弦定理为例_何雅晴.pdf
GeoGebra环境下基于APOS理论的抛物线及其标准方程教学探究_张若虹.pdf,336218,D:\资源推荐\理论卡片\理论卡片\理论文献\理论卡片二十二：APOS理论\GeoGebra环境下基于APOS理论的抛物线及其标准方程教学探究_张若虹.pdf,math-teaching-resources/理论卡片/理论文献/理论卡片二十二：APOS理论/GeoGebra环境下基于APOS理论的抛物线及其标准方程教学探究_张若虹.pdf,https://math-1415627924.cos.ap-guangzhou.myqcloud.com/math-teaching-resources/理论卡片/理论文献/理论卡片二十二：APOS理论/GeoGebra环境下基于APOS理论的抛物线及其标准方程教学探究_张若虹.pdf,成功,2026-04-04 19:26:45,math-teaching-resources/理论卡片,理论文献\理论卡片二十二：APOS理论\GeoGebra环境下基于APOS理论的抛物线及其标准方程教学探究_张若虹.pdf
基于APOS理论探究GeoGebra环境下的数学概念教学——以“圆的标准方程”为例_闻章.pdf,176522,D:\资源推荐\理论卡片\理论卡片\理论文献\理论卡片二十二：APOS理论\基于APOS理论探究GeoGebra环境下的数学概念教学——以“圆的标准方程”为例_闻章.pdf,math-teaching-resources/理论卡片/理论文献/理论卡片二十二：APOS理论/基于APOS理论探究GeoGebra环境下的数学概念教学——以“圆的标准方程”为例_闻章.pdf,https://math-1415627924.cos.ap-guangzhou.myqcloud.com/math-teaching-resources/理论卡片/理论文献/理论卡片二十二：APOS理论/基于APOS理论探究GeoGebra环境下的数学概念教学——以“圆的标准方程”为例_闻章.pdf,成功,2026-04-04 19:26:45,math-teaching-resources/理论卡片,理论文献\理论卡片二十二：APOS理论\基于APOS理论探究GeoGebra环境下的数学概念教学——以“圆的标准方程”为例_闻章.pdf
基于APOS理论的高中数学单元教学设计研究_梅方莹.pdf,5075956,D:\资源推荐\理论卡片\理论卡片\理论文献\理论卡片二十二：APOS理论\基于APOS理论的高中数学单元教学设计研究_梅方莹.pdf,math-teaching-resources/理论卡片/理论文献/理论卡片二十二：APOS理论/基于APOS理论的高中数学单元教学设计研究_梅方莹.pdf,https://math-1415627924.cos.ap-guangzhou.myqcloud.com/math-teaching-resources/理论卡片/理论文献/理论卡片二十二：APOS理论/基于APOS理论的高中数学单元教学设计研究_梅方莹.pdf,成功,2026-04-04 19:26:48,math-teaching-resources/理论卡片,理论文献\理论卡片二十二：APOS理论\基于APOS理论的高中数学单元教学设计研究_梅方莹.pdf
基于APOS理论的高中数学概念教学研究_秦梦宇.pdf,4255476,D:\资源推荐\理论卡片\理论卡片\理论文献\理论卡片二十二：APOS理论\基于APOS理论的高中数学概念教学研究_秦梦宇.pdf,math-teaching-resources/理论卡片/理论文献/理论卡片二十二：APOS理论/基于APOS理论的高中数学概念教学研究_秦梦宇.pdf,https://math-1415627924.cos.ap-guangzhou.myqcloud.com/math-teaching-resources/理论卡片/理论文献/理论卡片二十二：APOS理论/基于APOS理论的高中数学概念教学研究_秦梦宇.pdf,成功,2026-04-04 19:26:50,math-teaching-resources/理论卡片,理论文献\理论卡片二十二：APOS理论\基于APOS理论的高中数学概念教学研究_秦梦宇.pdf
基于APOS理论的高中数学概念教学设计与实施——以“三角函数的概念”为例_贺炜.pdf,704885,D:\资源推荐\理论卡片\理论卡片\理论文献\理论卡片二十二：APOS理论\基于APOS理论的高中数学概念教学设计与实施——以“三角函数的概念”为例_贺炜.pdf,math-teaching-resources/理论卡片/理论文献/理论卡片二十二：APOS理论/基于APOS理论的高中数学概念教学设计与实施——以“三角函数的概念”为例_贺炜.pdf,https://math-1415627924.cos.ap-guangzhou.myqcloud.com/math-teaching-resources/理论卡片/理论文献/理论卡片二十二：APOS理论/基于APOS理论的高中数学概念教学设计与实施——以“三角函数的概念”为例_贺炜.pdf,成功,2026-04-04 19:26:50,math-teaching-resources/理论卡片,理论文献\理论卡片二十二：APOS理论\基于APOS理论的高中数学概念教学设计与实施——以“三角函数的概念”为例_贺炜.pdf
基于APOS理论谈数学概念教学——以“向量的加法”为例_朱曦晨.pdf,236721,D:\资源推荐\理论卡片\理论卡片\理论文献\理论卡片二十二：APOS理论\基于APOS理论谈数学概念教学——以“向量的加法”为例_朱曦晨.pdf,math-teaching-resources/理论卡片/理论文献/理论卡片二十二：APOS理论/基于APOS理论谈数学概念教学——以“向量的加法”为例_朱曦晨.pdf,https://math-1415627924.cos.ap-guangzhou.myqcloud.com/math-teaching-resources/理论卡片/理论文献/理论卡片二十二：APOS理论/基于APOS理论谈数学概念教学——以“向量的加法”为例_朱曦晨.pdf,成功,2026-04-04 19:26:50,math-teaching-resources/理论卡片,理论文献\理论卡片二十二：APOS理论\基于APOS理论谈数学概念教学——以“向量的加法”为例_朱曦晨.pdf
STEAM教育理念下数学史融入高中数学的教学设计研究——以“椭圆及其标准方程”为例_童冬青.pdf,1006897,D:\资源推荐\理论卡片\理论卡片\理论文献\理论卡片二十五：STEAM 教育理论\STEAM教育理念下数学史融入高中数学的教学设计研究——以“椭圆及其标准方程”为例_童冬青.pdf,math-teaching-resources/理论卡片/理论文献/理论卡片二十五：STEAM 教育理论/STEAM教育理念下数学史融入高中数学的教学设计研究——以“椭圆及其标准方程”为例_童冬青.pdf,https://math-1415627924.cos.ap-guangzhou.myqcloud.com/math-teaching-resources/理论卡片/理论文献/理论卡片二十五：STEAM 教育理论/STEAM教育理念下数学史融入高中数学的教学设计研究——以“椭圆及其标准方程”为例_童冬青.pdf,成功,2026-04-04 19:26:51,math-teaching-resources/理论卡片,理论文献\理论卡片二十五：STEAM 教育理论\STEAM教育理念下数学史融入高中数学的教学设计研究——以“椭圆及其标准方程”为例_童冬青.pdf
STEAM理念驱动的高中数学跨学科教学实践_刘涛.pdf,1442029,D:\资源推荐\理论卡片\理论卡片\理论文献\理论卡片二十五：STEAM 教育理论\STEAM理念驱动的高中数学跨学科教学实践_刘涛.pdf,math-teaching-resources/理论卡片/理论文献/理论卡片二十五：STEAM 教育理论/STEAM理念驱动的高中数学跨学科教学实践_刘涛.pdf,https://math-1415627924.cos.ap-guangzhou.myqcloud.com/math-teaching-resources/理论卡片/理论文献/理论卡片二十五：STEAM 教育理论/STEAM理念驱动的高中数学跨学科教学实践_刘涛.pdf,成功,2026-04-04 19:26:52,math-teaching-resources/理论卡片,理论文献\理论卡片二十五：STEAM 教育理论\STEAM理念驱动的高中数学跨学科教学实践_刘涛.pdf
STEAM视角下的高中数学圆锥曲线教学设计研究_裴猛.pdf,2625723,D:\资源推荐\理论卡片\理论卡片\理论文献\理论卡片二十五：STEAM 教育理论\STEAM视角下的高中数学圆锥曲线教学设计研究_裴猛.pdf,math-teaching-resources/理论卡片/理论文献/理论卡片二十五：STEAM 教育理论/STEAM视角下的高中数学圆锥曲线教学设计研究_裴猛.pdf,https://math-1415627924.cos.ap-guangzhou.myqcloud.com/math-teaching-resources/理论卡片/理论文献/理论卡片二十五：STEAM 教育理论/STEAM视角下的高中数学圆锥曲线教学设计研究_裴猛.pdf,成功,2026-04-04 19:26:53,math-teaching-resources/理论卡片,理论文献\理论卡片二十五：STEAM 教育理论\STEAM视角下的高中数学圆锥曲线教学设计研究_裴猛.pdf
基于STEAM情境大任务的大单元教学作业设计与评价_王玉春.pdf,1267383,D:\资源推荐\理论卡片\理论卡片\理论文献\理论卡片二十五：STEAM 教育理论\基于STEAM情境大任务的大单元教学作业设计与评价_王玉春.pdf,math-teaching-resources/理论卡片/理论文献/理论卡片二十五：STEAM 教育理论/基于STEAM情境大任务的大单元教学作业设计与评价_王玉春.pdf,https://math-1415627924.cos.ap-guangzhou.myqcloud.com/math-teaching-resources/理论卡片/理论文献/理论卡片二十五：STEAM 教育理论/基于STEAM情境大任务的大单元教学作业设计与评价_王玉春.pdf,成功,2026-04-04 19:26:54,math-teaching-resources/理论卡片,理论文献\理论卡片二十五：STEAM 教育理论\基于STEAM情境大任务的大单元教学作业设计与评价_王玉春.pdf
基于STEAM教育理念的数学跨学科教学设计——以“指数函数”为例_田静.pdf,1149889,D:\资源推荐\理论卡片\理论卡片\理论文献\理论卡片二十五：STEAM 教育理论\基于STEAM教育理念的数学跨学科教学设计——以“指数函数”为例_田静.pdf,math-teaching-resources/理论卡片/理论文献/理论卡片二十五：STEAM 教育理论/基于STEAM教育理念的数学跨学科教学设计——以“指数函数”为例_田静.pdf,https://math-1415627924.cos.ap-guangzhou.myqcloud.com/math-teaching-resources/理论卡片/理论文献/理论卡片二十五：STEAM 教育理论/基于STEAM教育理念的数学跨学科教学设计——以“指数函数”为例_田静.pdf,成功,2026-04-04 19:26:55,math-teaching-resources/理论卡片,理论文献\理论卡片二十五：STEAM 教育理论\基于STEAM教育理念的数学跨学科教学设计——以“指数函数”为例_田静.pdf
基于STEAM教育理念的高中圆锥曲线教学设计研究_赵青华.pdf,4300325,D:\资源推荐\理论卡片\理论卡片\理论文献\理论卡片二十五：STEAM 教育理论\基于STEAM教育理念的高中圆锥曲线教学设计研究_赵青华.pdf,math-teaching-resources/理论卡片/理论文献/理论卡片二十五：STEAM 教育理论/基于STEAM教育理念的高中圆锥曲线教学设计研究_赵青华.pdf,https://math-1415627924.cos.ap-guangzhou.myqcloud.com/math-teaching-resources/理论卡片/理论文献/理论卡片二十五：STEAM 教育理论/基于STEAM教育理念的高中圆锥曲线教学设计研究_赵青华.pdf,成功,2026-04-04 19:26:57,math-teaching-resources/理论卡片,理论文献\理论卡片二十五：STEAM 教育理论\基于STEAM教育理念的高中圆锥曲线教学设计研究_赵青华.pdf
基于STEAM理念下平面解析几何教学设计研究_刘雪倩.pdf,5830884,D:\资源推荐\理论卡片\理论卡片\理论文献\理论卡片二十五：STEAM 教育理论\基于STEAM理念下平面解析几何教学设计研究_刘雪倩.pdf,math-teaching-resources/理论卡片/理论文献/理论卡片二十五：STEAM 教育理论/基于STEAM理念下平面解析几何教学设计研究_刘雪倩.pdf,https://math-1415627924.cos.ap-guangzhou.myqcloud.com/math-teaching-resources/理论卡片/理论文献/理论卡片二十五：STEAM 教育理论/基于STEAM理念下平面解析几何教学设计研究_刘雪倩.pdf,成功,2026-04-04 19:27:00,math-teaching-resources/理论卡片,理论文献\理论卡片二十五：STEAM 教育理论\基于STEAM理念下平面解析几何教学设计研究_刘雪倩.pdf
ACT-R理论在高中函数概念教学中的应用研究_李思文.pdf,2834269,D:\资源推荐\理论卡片\理论卡片\理论文献\理论卡片二十六：ACT-R 理论\ACT-R理论在高中函数概念教学中的应用研究_李思文.pdf,math-teaching-resources/理论卡片/理论文献/理论卡片二十六：ACT-R 理论/ACT-R理论在高中函数概念教学中的应用研究_李思文.pdf,https://math-1415627924.cos.ap-guangzhou.myqcloud.com/math-teaching-resources/理论卡片/理论文献/理论卡片二十六：ACT-R 理论/ACT-R理论在高中函数概念教学中的应用研究_李思文.pdf,成功,2026-04-04 19:27:02,math-teaching-resources/理论卡片,理论文献\理论卡片二十六：ACT-R 理论\ACT-R理论在高中函数概念教学中的应用研究_李思文.pdf
ACT-R理论驱动下高中导数的教学设计研究_潘小蝶.pdf,5481343,D:\资源推荐\理论卡片\理论卡片\理论文献\理论卡片二十六：ACT-R 理论\ACT-R理论驱动下高中导数的教学设计研究_潘小蝶.pdf,math-teaching-resources/理论卡片/理论文献/理论卡片二十六：ACT-R 理论/ACT-R理论驱动下高中导数的教学设计研究_潘小蝶.pdf,https://math-1415627924.cos.ap-guangzhou.myqcloud.com/math-teaching-resources/理论卡片/理论文献/理论卡片二十六：ACT-R 理论/ACT-R理论驱动下高中导数的教学设计研究_潘小蝶.pdf,成功,2026-04-04 19:27:05,math-teaching-resources/理论卡片,理论文献\理论卡片二十六：ACT-R 理论\ACT-R理论驱动下高中导数的教学设计研究_潘小蝶.pdf
基于ACT-R理论的“高中数学探究活动”教学实践与思考——以斐波那契数列为例_吴玉章.pdf,1246287,D:\资源推荐\理论卡片\理论卡片\理论文献\理论卡片二十六：ACT-R 理论\基于ACT-R理论的“高中数学探究活动”教学实践与思考——以斐波那契数列为例_吴玉章.pdf,math-teaching-resources/理论卡片/理论文献/理论卡片二十六：ACT-R 理论/基于ACT-R理论的“高中数学探究活动”教学实践与思考——以斐波那契数列为例_吴玉章.pdf,https://math-1415627924.cos.ap-guangzhou.myqcloud.com/math-teaching-resources/理论卡片/理论文献/理论卡片二十六：ACT-R 理论/基于ACT-R理论的“高中数学探究活动”教学实践与思考——以斐波那契数列为例_吴玉章.pdf,成功,2026-04-04 19:27:06,math-teaching-resources/理论卡片,理论文献\理论卡片二十六：ACT-R 理论\基于ACT-R理论的“高中数学探究活动”教学实践与思考——以斐波那契数列为例_吴玉章.pdf
基于ACT-R理论的三角函数教学研究_黄雨萌.pdf,2543450,D:\资源推荐\理论卡片\理论卡片\理论文献\理论卡片二十六：ACT-R 理论\基于ACT-R理论的三角函数教学研究_黄雨萌.pdf,math-teaching-resources/理论卡片/理论文献/理论卡片二十六：ACT-R 理论/基于ACT-R理论的三角函数教学研究_黄雨萌.pdf,https://math-1415627924.cos.ap-guangzhou.myqcloud.com/math-teaching-resources/理论卡片/理论文献/理论卡片二十六：ACT-R 理论/基于ACT-R理论的三角函数教学研究_黄雨萌.pdf,成功,2026-04-04 19:27:07,math-teaching-resources/理论卡片,理论文献\理论卡片二十六：ACT-R 理论\基于ACT-R理论的三角函数教学研究_黄雨萌.pdf
基于ACT-R理论的圆锥曲线教学设计案例研究_张鑫萌.pdf,2520352,D:\资源推荐\理论卡片\理论卡片\理论文献\理论卡片二十六：ACT-R 理论\基于ACT-R理论的圆锥曲线教学设计案例研究_张鑫萌.pdf,math-teaching-resources/理论卡片/理论文献/理论卡片二十六：ACT-R 理论/基于ACT-R理论的圆锥曲线教学设计案例研究_张鑫萌.pdf,https://math-1415627924.cos.ap-guangzhou.myqcloud.com/math-teaching-resources/理论卡片/理论文献/理论卡片二十六：ACT-R 理论/基于ACT-R理论的圆锥曲线教学设计案例研究_张鑫萌.pdf,成功,2026-04-04 19:27:08,math-teaching-resources/理论卡片,理论文献\理论卡片二十六：ACT-R 理论\基于ACT-R理论的圆锥曲线教学设计案例研究_张鑫萌.pdf
基于ACT-R理论的指数函数与对数函数单元教学研究_张淞琦.pdf,2430232,D:\资源推荐\理论卡片\理论卡片\理论文献\理论卡片二十六：ACT-R 理论\基于ACT-R理论的指数函数与对数函数单元教学研究_张淞琦.pdf,math-teaching-resources/理论卡片/理论文献/理论卡片二十六：ACT-R 理论/基于ACT-R理论的指数函数与对数函数单元教学研究_张淞琦.pdf,https://math-1415627924.cos.ap-guangzhou.myqcloud.com/math-teaching-resources/理论卡片/理论文献/理论卡片二十六：ACT-R 理论/基于ACT-R理论的指数函数与对数函数单元教学研究_张淞琦.pdf,成功,2026-04-04 19:27:10,math-teaching-resources/理论卡片,理论文献\理论卡片二十六：ACT-R 理论\基于ACT-R理论的指数函数与对数函数单元教学研究_张淞琦.pdf
基于ACT-R理论的数列概念的教学设计_李欣瑶.pdf,1101834,D:\资源推荐\理论卡片\理论卡片\理论文献\理论卡片二十六：ACT-R 理论\基于ACT-R理论的数列概念的教学设计_李欣瑶.pdf,math-teaching-resources/理论卡片/理论文献/理论卡片二十六：ACT-R 理论/基于ACT-R理论的数列概念的教学设计_李欣瑶.pdf,https://math-1415627924.cos.ap-guangzhou.myqcloud.com/math-teaching-resources/理论卡片/理论文献/理论卡片二十六：ACT-R 理论/基于ACT-R理论的数列概念的教学设计_李欣瑶.pdf,成功,2026-04-04 19:27:11,math-teaching-resources/理论卡片,理论文献\理论卡片二十六：ACT-R 理论\基于ACT-R理论的数列概念的教学设计_李欣瑶.pdf
基于ACT-R理论的数学定理教学设计——以“余弦定理”为例_侯雨欣 (1).pdf,4559766,D:\资源推荐\理论卡片\理论卡片\理论文献\理论卡片二十六：ACT-R 理论\基于ACT-R理论的数学定理教学设计——以“余弦定理”为例_侯雨欣 (1).pdf,math-teaching-resources/理论卡片/理论文献/理论卡片二十六：ACT-R 理论/基于ACT-R理论的数学定理教学设计——以“余弦定理”为例_侯雨欣 (1).pdf,https://math-1415627924.cos.ap-guangzhou.myqcloud.com/math-teaching-resources/理论卡片/理论文献/理论卡片二十六：ACT-R 理论/基于ACT-R理论的数学定理教学设计——以“余弦定理”为例_侯雨欣 (1).pdf,成功,2026-04-04 19:27:13,math-teaching-resources/理论卡片,理论文献\理论卡片二十六：ACT-R 理论\基于ACT-R理论的数学定理教学设计——以“余弦定理”为例_侯雨欣 (1).pdf
基于ACT-R理论的立体几何教学设计研究_赵晓薇.pdf,4325376,D:\资源推荐\理论卡片\理论卡片\理论文献\理论卡片二十六：ACT-R 理论\基于ACT-R理论的立体几何教学设计研究_赵晓薇.pdf,math-teaching-resources/理论卡片/理论文献/理论卡片二十六：ACT-R 理论/基于ACT-R理论的立体几何教学设计研究_赵晓薇.pdf,https://math-1415627924.cos.ap-guangzhou.myqcloud.com/math-teaching-resources/理论卡片/理论文献/理论卡片二十六：ACT-R 理论/基于ACT-R理论的立体几何教学设计研究_赵晓薇.pdf,成功,2026-04-04 19:27:15,math-teaching-resources/理论卡片,理论文献\理论卡片二十六：ACT-R 理论\基于ACT-R理论的立体几何教学设计研究_赵晓薇.pdf
基于ACT-R理论的高中数列教学设计研究_孙中乾.pdf,1891572,D:\资源推荐\理论卡片\理论卡片\理论文献\理论卡片二十六：ACT-R 理论\基于ACT-R理论的高中数列教学设计研究_孙中乾.pdf,math-teaching-resources/理论卡片/理论文献/理论卡片二十六：ACT-R 理论/基于ACT-R理论的高中数列教学设计研究_孙中乾.pdf,https://math-1415627924.cos.ap-guangzhou.myqcloud.com/math-teaching-resources/理论卡片/理论文献/理论卡片二十六：ACT-R 理论/基于ACT-R理论的高中数列教学设计研究_孙中乾.pdf,成功,2026-04-04 19:27:16,math-teaching-resources/理论卡片,理论文献\理论卡片二十六：ACT-R 理论\基于ACT-R理论的高中数列教学设计研究_孙中乾.pdf
基于ACT-R理论的高中数学单元教学的设计研究_钟云如.pdf,4957708,D:\资源推荐\理论卡片\理论卡片\理论文献\理论卡片二十六：ACT-R 理论\基于ACT-R理论的高中数学单元教学的设计研究_钟云如.pdf,math-teaching-resources/理论卡片/理论文献/理论卡片二十六：ACT-R 理论/基于ACT-R理论的高中数学单元教学的设计研究_钟云如.pdf,https://math-1415627924.cos.ap-guangzhou.myqcloud.com/math-teaching-resources/理论卡片/理论文献/理论卡片二十六：ACT-R 理论/基于ACT-R理论的高中数学单元教学的设计研究_钟云如.pdf,成功,2026-04-04 19:27:19,math-teaching-resources/理论卡片,理论文献\理论卡片二十六：ACT-R 理论\基于ACT-R理论的高中数学单元教学的设计研究_钟云如.pdf
基于ACT-R理论的高中数学单元教学研究_宋韵.pdf,6362904,D:\资源推荐\理论卡片\理论卡片\理论文献\理论卡片二十六：ACT-R 理论\基于ACT-R理论的高中数学单元教学研究_宋韵.pdf,math-teaching-resources/理论卡片/理论文献/理论卡片二十六：ACT-R 理论/基于ACT-R理论的高中数学单元教学研究_宋韵.pdf,https://math-1415627924.cos.ap-guangzhou.myqcloud.com/math-teaching-resources/理论卡片/理论文献/理论卡片二十六：ACT-R 理论/基于ACT-R理论的高中数学单元教学研究_宋韵.pdf,成功,2026-04-04 19:27:23,math-teaching-resources/理论卡片,理论文献\理论卡片二十六：ACT-R 理论\基于ACT-R理论的高中数学单元教学研究_宋韵.pdf
基于ACT-R理论的高中数学教学目标设计_石天然.pdf,2432241,D:\资源推荐\理论卡片\理论卡片\理论文献\理论卡片二十六：ACT-R 理论\基于ACT-R理论的高中数学教学目标设计_石天然.pdf,math-teaching-resources/理论卡片/理论文献/理论卡片二十六：ACT-R 理论/基于ACT-R理论的高中数学教学目标设计_石天然.pdf,https://math-1415627924.cos.ap-guangzhou.myqcloud.com/math-teaching-resources/理论卡片/理论文献/理论卡片二十六：ACT-R 理论/基于ACT-R理论的高中数学教学目标设计_石天然.pdf,成功,2026-04-04 19:27:24,math-teaching-resources/理论卡片,理论文献\理论卡片二十六：ACT-R 理论\基于ACT-R理论的高中数学教学目标设计_石天然.pdf
基于ACT-R理论的高中数学最值问题教学研究_周亚.pdf,3459450,D:\资源推荐\理论卡片\理论卡片\理论文献\理论卡片二十六：ACT-R 理论\基于ACT-R理论的高中数学最值问题教学研究_周亚.pdf,math-teaching-resources/理论卡片/理论文献/理论卡片二十六：ACT-R 理论/基于ACT-R理论的高中数学最值问题教学研究_周亚.pdf,https://math-1415627924.cos.ap-guangzhou.myqcloud.com/math-teaching-resources/理论卡片/理论文献/理论卡片二十六：ACT-R 理论/基于ACT-R理论的高中数学最值问题教学研究_周亚.pdf,成功,2026-04-04 19:27:26,math-teaching-resources/理论卡片,理论文献\理论卡片二十六：ACT-R 理论\基于ACT-R理论的高中数学最值问题教学研究_周亚.pdf
基于ACT-R理论的高中立体几何教学优化设计研究_梅杰.pdf,2483697,D:\资源推荐\理论卡片\理论卡片\理论文献\理论卡片二十六：ACT-R 理论\基于ACT-R理论的高中立体几何教学优化设计研究_梅杰.pdf,math-teaching-resources/理论卡片/理论文献/理论卡片二十六：ACT-R 理论/基于ACT-R理论的高中立体几何教学优化设计研究_梅杰.pdf,https://math-1415627924.cos.ap-guangzhou.myqcloud.com/math-teaching-resources/理论卡片/理论文献/理论卡片二十六：ACT-R 理论/基于ACT-R理论的高中立体几何教学优化设计研究_梅杰.pdf,成功,2026-04-04 19:27:27,math-teaching-resources/理论卡片,理论文献\理论卡片二十六：ACT-R 理论\基于ACT-R理论的高中立体几何教学优化设计研究_梅杰.pdf
SOLO分类评价理论应用于高中数学教学实践研究_丘建旺.pdf,2065908,D:\资源推荐\理论卡片\理论卡片\理论文献\理论卡片二十四：SOLO理论\SOLO分类评价理论应用于高中数学教学实践研究_丘建旺.pdf,math-teaching-resources/理论卡片/理论文献/理论卡片二十四：SOLO理论/SOLO分类评价理论应用于高中数学教学实践研究_丘建旺.pdf,https://math-1415627924.cos.ap-guangzhou.myqcloud.com/math-teaching-resources/理论卡片/理论文献/理论卡片二十四：SOLO理论/SOLO分类评价理论应用于高中数学教学实践研究_丘建旺.pdf,成功,2026-04-04 19:27:28,math-teaching-resources/理论卡片,理论文献\理论卡片二十四：SOLO理论\SOLO分类评价理论应用于高中数学教学实践研究_丘建旺.pdf
SOLO理论下的高中数学教学分析——以函数的概念教学为例_李婷婷.pdf,288222,D:\资源推荐\理论卡片\理论卡片\理论文献\理论卡片二十四：SOLO理论\SOLO理论下的高中数学教学分析——以函数的概念教学为例_李婷婷.pdf,math-teaching-resources/理论卡片/理论文献/理论卡片二十四：SOLO理论/SOLO理论下的高中数学教学分析——以函数的概念教学为例_李婷婷.pdf,https://math-1415627924.cos.ap-guangzhou.myqcloud.com/math-teaching-resources/理论卡片/理论文献/理论卡片二十四：SOLO理论/SOLO理论下的高中数学教学分析——以函数的概念教学为例_李婷婷.pdf,成功,2026-04-04 19:27:29,math-teaching-resources/理论卡片,理论文献\理论卡片二十四：SOLO理论\SOLO理论下的高中数学教学分析——以函数的概念教学为例_李婷婷.pdf
SOLO理论在高中数学学习评价中的应用案例_代杰.pdf,681434,D:\资源推荐\理论卡片\理论卡片\理论文献\理论卡片二十四：SOLO理论\SOLO理论在高中数学学习评价中的应用案例_代杰.pdf,math-teaching-resources/理论卡片/理论文献/理论卡片二十四：SOLO理论/SOLO理论在高中数学学习评价中的应用案例_代杰.pdf,https://math-1415627924.cos.ap-guangzhou.myqcloud.com/math-teaching-resources/理论卡片/理论文献/理论卡片二十四：SOLO理论/SOLO理论在高中数学学习评价中的应用案例_代杰.pdf,成功,2026-04-04 19:27:29,math-teaching-resources/理论卡片,理论文献\理论卡片二十四：SOLO理论\SOLO理论在高中数学学习评价中的应用案例_代杰.pdf
基于SOLO分类理论的思维结构层次与教学策略分析——以2023年新课标全国Ⅰ卷高考数学概率题为例_李净.pdf,248422,D:\资源推荐\理论卡片\理论卡片\理论文献\理论卡片二十四：SOLO理论\基于SOLO分类理论的思维结构层次与教学策略分析——以2023年新课标全国Ⅰ卷高考数学概率题为例_李净.pdf,math-teaching-resources/理论卡片/理论文献/理论卡片二十四：SOLO理论/基于SOLO分类理论的思维结构层次与教学策略分析——以2023年新课标全国Ⅰ卷高考数学概率题为例_李净.pdf,https://math-1415627924.cos.ap-guangzhou.myqcloud.com/math-teaching-resources/理论卡片/理论文献/理论卡片二十四：SOLO理论/基于SOLO分类理论的思维结构层次与教学策略分析——以2023年新课标全国Ⅰ卷高考数学概率题为例_李净.pdf,成功,2026-04-04 19:27:29,math-teaching-resources/理论卡片,理论文献\理论卡片二十四：SOLO理论\基于SOLO分类理论的思维结构层次与教学策略分析——以2023年新课标全国Ⅰ卷高考数学概率题为例_李净.pdf
基于SOLO理论的高中数学教学研究_孙一师.pdf,2253929,D:\资源推荐\理论卡片\理论卡片\理论文献\理论卡片二十四：SOLO理论\基于SOLO理论的高中数学教学研究_孙一师.pdf,math-teaching-resources/理论卡片/理论文献/理论卡片二十四：SOLO理论/基于SOLO理论的高中数学教学研究_孙一师.pdf,https://math-1415627924.cos.ap-guangzhou.myqcloud.com/math-teaching-resources/理论卡片/理论文献/理论卡片二十四：SOLO理论/基于SOLO理论的高中数学教学研究_孙一师.pdf,成功,2026-04-04 19:27:31,math-teaching-resources/理论卡片,理论文献\理论卡片二十四：SOLO理论\基于SOLO理论的高中数学教学研究_孙一师.pdf
基于SOLO理论的高中数学教学设计——以分类加法计数原理与分步乘法计数原理为例_王宇.pdf,1104597,D:\资源推荐\理论卡片\理论卡片\理论文献\理论卡片二十四：SOLO理论\基于SOLO理论的高中数学教学设计——以分类加法计数原理与分步乘法计数原理为例_王宇.pdf,math-teaching-resources/理论卡片/理论文献/理论卡片二十四：SOLO理论/基于SOLO理论的高中数学教学设计——以分类加法计数原理与分步乘法计数原理为例_王宇.pdf,https://math-1415627924.cos.ap-guangzhou.myqcloud.com/math-teaching-resources/理论卡片/理论文献/理论卡片二十四：SOLO理论/基于SOLO理论的高中数学教学设计——以分类加法计数原理与分步乘法计数原理为例_王宇.pdf,成功,2026-04-04 19:27:31,math-teaching-resources/理论卡片,理论文献\理论卡片二十四：SOLO理论\基于SOLO理论的高中数学教学设计——以分类加法计数原理与分步乘法计数原理为例_王宇.pdf
基于SOLO理论的高中数学课堂问题链设计研究_王颖茹.pdf,4851693,D:\资源推荐\理论卡片\理论卡片\理论文献\理论卡片二十四：SOLO理论\基于SOLO理论的高中数学课堂问题链设计研究_王颖茹.pdf,math-teaching-resources/理论卡片/理论文献/理论卡片二十四：SOLO理论/基于SOLO理论的高中数学课堂问题链设计研究_王颖茹.pdf,https://math-1415627924.cos.ap-guangzhou.myqcloud.com/math-teaching-resources/理论卡片/理论文献/理论卡片二十四：SOLO理论/基于SOLO理论的高中数学课堂问题链设计研究_王颖茹.pdf,成功,2026-04-04 19:27:34,math-teaching-resources/理论卡片,理论文献\理论卡片二十四：SOLO理论\基于SOLO理论的高中数学课堂问题链设计研究_王颖茹.pdf
基于SOLO理论的高中生数学运算素养的发展研究_陈秋婵.pdf,1778412,D:\资源推荐\理论卡片\理论卡片\理论文献\理论卡片二十四：SOLO理论\基于SOLO理论的高中生数学运算素养的发展研究_陈秋婵.pdf,math-teaching-resources/理论卡片/理论文献/理论卡片二十四：SOLO理论/基于SOLO理论的高中生数学运算素养的发展研究_陈秋婵.pdf,https://math-1415627924.cos.ap-guangzhou.myqcloud.com/math-teaching-resources/理论卡片/理论文献/理论卡片二十四：SOLO理论/基于SOLO理论的高中生数学运算素养的发展研究_陈秋婵.pdf,成功,2026-04-04 19:27:35,math-teaching-resources/理论卡片,理论文献\理论卡片二十四：SOLO理论\基于SOLO理论的高中生数学运算素养的发展研究_陈秋婵.pdf
新课程背景下依据SOLO理论对高中数学导数分层教学的应用研究_蒲琦.pdf,1075737,D:\资源推荐\理论卡片\理论卡片\理论文献\理论卡片二十四：SOLO理论\新课程背景下依据SOLO理论对高中数学导数分层教学的应用研究_蒲琦.pdf,math-teaching-resources/理论卡片/理论文献/理论卡片二十四：SOLO理论/新课程背景下依据SOLO理论对高中数学导数分层教学的应用研究_蒲琦.pdf,https://math-1415627924.cos.ap-guangzhou.myqcloud.com/math-teaching-resources/理论卡片/理论文献/理论卡片二十四：SOLO理论/新课程背景下依据SOLO理论对高中数学导数分层教学的应用研究_蒲琦.pdf,成功,2026-04-04 19:27:36,math-teaching-resources/理论卡片,理论文献\理论卡片二十四：SOLO理论\新课程背景下依据SOLO理论对高中数学导数分层教学的应用研究_蒲琦.pdf
基于差异教学理论的高中数学建模活动_彭朋.pdf,87871,D:\资源推荐\理论卡片\理论卡片\理论文献\理论卡片二十：差异教学理论\基于差异教学理论的高中数学建模活动_彭朋.pdf,math-teaching-resources/理论卡片/理论文献/理论卡片二十：差异教学理论/基于差异教学理论的高中数学建模活动_彭朋.pdf,https://math-1415627924.cos.ap-guangzhou.myqcloud.com/math-teaching-resources/理论卡片/理论文献/理论卡片二十：差异教学理论/基于差异教学理论的高中数学建模活动_彭朋.pdf,成功,2026-04-04 19:27:36,math-teaching-resources/理论卡片,理论文献\理论卡片二十：差异教学理论\基于差异教学理论的高中数学建模活动_彭朋.pdf
差异教学模式在高中数学教学中的实践探索_徐真.pdf,512832,D:\资源推荐\理论卡片\理论卡片\理论文献\理论卡片二十：差异教学理论\差异教学模式在高中数学教学中的实践探索_徐真.pdf,math-teaching-resources/理论卡片/理论文献/理论卡片二十：差异教学理论/差异教学模式在高中数学教学中的实践探索_徐真.pdf,https://math-1415627924.cos.ap-guangzhou.myqcloud.com/math-teaching-resources/理论卡片/理论文献/理论卡片二十：差异教学理论/差异教学模式在高中数学教学中的实践探索_徐真.pdf,成功,2026-04-04 19:27:36,math-teaching-resources/理论卡片,理论文献\理论卡片二十：差异教学理论\差异教学模式在高中数学教学中的实践探索_徐真.pdf
差异教学理论在数学教学中的应用_周振环.pdf,201821,D:\资源推荐\理论卡片\理论卡片\理论文献\理论卡片二十：差异教学理论\差异教学理论在数学教学中的应用_周振环.pdf,math-teaching-resources/理论卡片/理论文献/理论卡片二十：差异教学理论/差异教学理论在数学教学中的应用_周振环.pdf,https://math-1415627924.cos.ap-guangzhou.myqcloud.com/math-teaching-resources/理论卡片/理论文献/理论卡片二十：差异教学理论/差异教学理论在数学教学中的应用_周振环.pdf,成功,2026-04-04 19:27:36,math-teaching-resources/理论卡片,理论文献\理论卡片二十：差异教学理论\差异教学理论在数学教学中的应用_周振环.pdf
差异教学理论指导高三数学课堂教学.pdf,1235466,D:\资源推荐\理论卡片\理论卡片\理论文献\理论卡片二十：差异教学理论\差异教学理论指导高三数学课堂教学.pdf,math-teaching-resources/理论卡片/理论文献/理论卡片二十：差异教学理论/差异教学理论指导高三数学课堂教学.pdf,https://math-1415627924.cos.ap-guangzhou.myqcloud.com/math-teaching-resources/理论卡片/理论文献/理论卡片二十：差异教学理论/差异教学理论指导高三数学课堂教学.pdf,成功,2026-04-04 19:27:37,math-teaching-resources/理论卡片,理论文献\理论卡片二十：差异教学理论\差异教学理论指导高三数学课堂教学.pdf
重点高中数学差异教学理论与实践_王忠义.pdf,3986957,D:\资源推荐\理论卡片\理论卡片\理论文献\理论卡片二十：差异教学理论\重点高中数学差异教学理论与实践_王忠义.pdf,math-teaching-resources/理论卡片/理论文献/理论卡片二十：差异教学理论/重点高中数学差异教学理论与实践_王忠义.pdf,https://math-1415627924.cos.ap-guangzhou.myqcloud.com/math-teaching-resources/理论卡片/理论文献/理论卡片二十：差异教学理论/重点高中数学差异教学理论与实践_王忠义.pdf,成功,2026-04-04 19:27:39,math-teaching-resources/理论卡片,理论文献\理论卡片二十：差异教学理论\重点高中数学差异教学理论与实践_王忠义.pdf
陶行知教育思想理论研究与创新实践的现实思考_周洪宇.pdf,1108435,D:\资源推荐\理论卡片\理论卡片\理论文献\理论卡片二：陶行知教育理论\陶行知教育思想理论研究与创新实践的现实思考_周洪宇.pdf,math-teaching-resources/理论卡片/理论文献/理论卡片二：陶行知教育理论/陶行知教育思想理论研究与创新实践的现实思考_周洪宇.pdf,https://math-1415627924.cos.ap-guangzhou.myqcloud.com/math-teaching-resources/理论卡片/理论文献/理论卡片二：陶行知教育理论/陶行知教育思想理论研究与创新实践的现实思考_周洪宇.pdf,成功,2026-04-04 19:27:40,math-teaching-resources/理论卡片,理论文献\理论卡片二：陶行知教育理论\陶行知教育思想理论研究与创新实践的现实思考_周洪宇.pdf
陶行知理论视角下小学数学思维能力培养策略研究_赵潇.pdf,1121640,D:\资源推荐\理论卡片\理论卡片\理论文献\理论卡片二：陶行知教育理论\陶行知理论视角下小学数学思维能力培养策略研究_赵潇.pdf,math-teaching-resources/理论卡片/理论文献/理论卡片二：陶行知教育理论/陶行知理论视角下小学数学思维能力培养策略研究_赵潇.pdf,https://math-1415627924.cos.ap-guangzhou.myqcloud.com/math-teaching-resources/理论卡片/理论文献/理论卡片二：陶行知教育理论/陶行知理论视角下小学数学思维能力培养策略研究_赵潇.pdf,成功,2026-04-04 19:27:41,math-teaching-resources/理论卡片,理论文献\理论卡片二：陶行知教育理论\陶行知理论视角下小学数学思维能力培养策略研究_赵潇.pdf
陶行知生活教育理论指导下的初中数学教学优化探究_蔡露露.pdf,1325645,D:\资源推荐\理论卡片\理论卡片\理论文献\理论卡片二：陶行知教育理论\陶行知生活教育理论指导下的初中数学教学优化探究_蔡露露.pdf,math-teaching-resources/理论卡片/理论文献/理论卡片二：陶行知教育理论/陶行知生活教育理论指导下的初中数学教学优化探究_蔡露露.pdf,https://math-1415627924.cos.ap-guangzhou.myqcloud.com/math-teaching-resources/理论卡片/理论文献/理论卡片二：陶行知教育理论/陶行知生活教育理论指导下的初中数学教学优化探究_蔡露露.pdf,成功,2026-04-04 19:27:41,math-teaching-resources/理论卡片,理论文献\理论卡片二：陶行知教育理论\陶行知生活教育理论指导下的初中数学教学优化探究_蔡露露.pdf
基于学习动机理论开展初中数学教学的策略探究_马良云.pdf,1215833,D:\资源推荐\理论卡片\理论卡片\理论文献\理论卡片五：学习动机理论\基于学习动机理论开展初中数学教学的策略探究_马良云.pdf,math-teaching-resources/理论卡片/理论文献/理论卡片五：学习动机理论/基于学习动机理论开展初中数学教学的策略探究_马良云.pdf,https://math-1415627924.cos.ap-guangzhou.myqcloud.com/math-teaching-resources/理论卡片/理论文献/理论卡片五：学习动机理论/基于学习动机理论开展初中数学教学的策略探究_马良云.pdf,成功,2026-04-04 19:27:42,math-teaching-resources/理论卡片,理论文献\理论卡片五：学习动机理论\基于学习动机理论开展初中数学教学的策略探究_马良云.pdf
奥苏贝尔学习动机理论下初中生学习内驱力提升的个案研究_白秀艳.pdf,2121476,D:\资源推荐\理论卡片\理论卡片\理论文献\理论卡片五：学习动机理论\奥苏贝尔学习动机理论下初中生学习内驱力提升的个案研究_白秀艳.pdf,math-teaching-resources/理论卡片/理论文献/理论卡片五：学习动机理论/奥苏贝尔学习动机理论下初中生学习内驱力提升的个案研究_白秀艳.pdf,https://math-1415627924.cos.ap-guangzhou.myqcloud.com/math-teaching-resources/理论卡片/理论文献/理论卡片五：学习动机理论/奥苏贝尔学习动机理论下初中生学习内驱力提升的个案研究_白秀艳.pdf,成功,2026-04-04 19:27:43,math-teaching-resources/理论卡片,理论文献\理论卡片五：学习动机理论\奥苏贝尔学习动机理论下初中生学习内驱力提升的个案研究_白秀艳.pdf
学习动机理论在小学数学教学中的应用策略研究_谭晓艳.pdf,1727469,D:\资源推荐\理论卡片\理论卡片\理论文献\理论卡片五：学习动机理论\学习动机理论在小学数学教学中的应用策略研究_谭晓艳.pdf,math-teaching-resources/理论卡片/理论文献/理论卡片五：学习动机理论/学习动机理论在小学数学教学中的应用策略研究_谭晓艳.pdf,https://math-1415627924.cos.ap-guangzhou.myqcloud.com/math-teaching-resources/理论卡片/理论文献/理论卡片五：学习动机理论/学习动机理论在小学数学教学中的应用策略研究_谭晓艳.pdf,成功,2026-04-04 19:27:44,math-teaching-resources/理论卡片,理论文献\理论卡片五：学习动机理论\学习动机理论在小学数学教学中的应用策略研究_谭晓艳.pdf
基于TPACK理论的教学研究——以“指数函数”的教学为例_张扬.pdf,1896251,D:\资源推荐\理论卡片\理论卡片\理论文献\理论卡片八：TPACK理论\基于TPACK理论的教学研究——以“指数函数”的教学为例_张扬.pdf,math-teaching-resources/理论卡片/理论文献/理论卡片八：TPACK理论/基于TPACK理论的教学研究——以“指数函数”的教学为例_张扬.pdf,https://math-1415627924.cos.ap-guangzhou.myqcloud.com/math-teaching-resources/理论卡片/理论文献/理论卡片八：TPACK理论/基于TPACK理论的教学研究——以“指数函数”的教学为例_张扬.pdf,成功,2026-04-04 19:27:45,math-teaching-resources/理论卡片,理论文献\理论卡片八：TPACK理论\基于TPACK理论的教学研究——以“指数函数”的教学为例_张扬.pdf
基于TPACK理论的高中数学“概率与统计”教学——以“正态分布”为例_王喆.pdf,837179,D:\资源推荐\理论卡片\理论卡片\理论文献\理论卡片八：TPACK理论\基于TPACK理论的高中数学“概率与统计”教学——以“正态分布”为例_王喆.pdf,math-teaching-resources/理论卡片/理论文献/理论卡片八：TPACK理论/基于TPACK理论的高中数学“概率与统计”教学——以“正态分布”为例_王喆.pdf,https://math-1415627924.cos.ap-guangzhou.myqcloud.com/math-teaching-resources/理论卡片/理论文献/理论卡片八：TPACK理论/基于TPACK理论的高中数学“概率与统计”教学——以“正态分布”为例_王喆.pdf,成功,2026-04-04 19:27:46,math-teaching-resources/理论卡片,理论文献\理论卡片八：TPACK理论\基于TPACK理论的高中数学“概率与统计”教学——以“正态分布”为例_王喆.pdf
基于TPACK的高中数学教学设计——以“椭圆及其标准方程”为例_黄月球.pdf,634628,D:\资源推荐\理论卡片\理论卡片\理论文献\理论卡片八：TPACK理论\基于TPACK的高中数学教学设计——以“椭圆及其标准方程”为例_黄月球.pdf,math-teaching-resources/理论卡片/理论文献/理论卡片八：TPACK理论/基于TPACK的高中数学教学设计——以“椭圆及其标准方程”为例_黄月球.pdf,https://math-1415627924.cos.ap-guangzhou.myqcloud.com/math-teaching-resources/理论卡片/理论文献/理论卡片八：TPACK理论/基于TPACK的高中数学教学设计——以“椭圆及其标准方程”为例_黄月球.pdf,成功,2026-04-04 19:27:46,math-teaching-resources/理论卡片,理论文献\理论卡片八：TPACK理论\基于TPACK的高中数学教学设计——以“椭圆及其标准方程”为例_黄月球.pdf
融合与创新：TPACK框架下的高中信息技术课程教学实践研究_赵斌.pdf,1858385,D:\资源推荐\理论卡片\理论卡片\理论文献\理论卡片八：TPACK理论\融合与创新：TPACK框架下的高中信息技术课程教学实践研究_赵斌.pdf,math-teaching-resources/理论卡片/理论文献/理论卡片八：TPACK理论/融合与创新：TPACK框架下的高中信息技术课程教学实践研究_赵斌.pdf,https://math-1415627924.cos.ap-guangzhou.myqcloud.com/math-teaching-resources/理论卡片/理论文献/理论卡片八：TPACK理论/融合与创新：TPACK框架下的高中信息技术课程教学实践研究_赵斌.pdf,成功,2026-04-04 19:27:47,math-teaching-resources/理论卡片,理论文献\理论卡片八：TPACK理论\融合与创新：TPACK框架下的高中信息技术课程教学实践研究_赵斌.pdf
ARCS动机模型在高中数学教学中的应用研究_方敏.pdf,2438945,D:\资源推荐\理论卡片\理论卡片\理论文献\理论卡片六：ARCS 动机理论\ARCS动机模型在高中数学教学中的应用研究_方敏.pdf,math-teaching-resources/理论卡片/理论文献/理论卡片六：ARCS 动机理论/ARCS动机模型在高中数学教学中的应用研究_方敏.pdf,https://math-1415627924.cos.ap-guangzhou.myqcloud.com/math-teaching-resources/理论卡片/理论文献/理论卡片六：ARCS 动机理论/ARCS动机模型在高中数学教学中的应用研究_方敏.pdf,成功,2026-04-04 19:27:49,math-teaching-resources/理论卡片,理论文献\理论卡片六：ARCS 动机理论\ARCS动机模型在高中数学教学中的应用研究_方敏.pdf
ARCS模型在高中数学教学设计中的运用研究_梁燕.pdf,5648125,D:\资源推荐\理论卡片\理论卡片\理论文献\理论卡片六：ARCS 动机理论\ARCS模型在高中数学教学设计中的运用研究_梁燕.pdf,math-teaching-resources/理论卡片/理论文献/理论卡片六：ARCS 动机理论/ARCS模型在高中数学教学设计中的运用研究_梁燕.pdf,https://math-1415627924.cos.ap-guangzhou.myqcloud.com/math-teaching-resources/理论卡片/理论文献/理论卡片六：ARCS 动机理论/ARCS模型在高中数学教学设计中的运用研究_梁燕.pdf,成功,2026-04-04 19:27:52,math-teaching-resources/理论卡片,理论文献\理论卡片六：ARCS 动机理论\ARCS模型在高中数学教学设计中的运用研究_梁燕.pdf
基于ARCS模型的高中数学教学研究_许则林.pdf,2150000,D:\资源推荐\理论卡片\理论卡片\理论文献\理论卡片六：ARCS 动机理论\基于ARCS模型的高中数学教学研究_许则林.pdf,math-teaching-resources/理论卡片/理论文献/理论卡片六：ARCS 动机理论/基于ARCS模型的高中数学教学研究_许则林.pdf,https://math-1415627924.cos.ap-guangzhou.myqcloud.com/math-teaching-resources/理论卡片/理论文献/理论卡片六：ARCS 动机理论/基于ARCS模型的高中数学教学研究_许则林.pdf,成功,2026-04-04 19:27:53,math-teaching-resources/理论卡片,理论文献\理论卡片六：ARCS 动机理论\基于ARCS模型的高中数学教学研究_许则林.pdf
再看行为主义理论对高中数学教学的启示.pdf,922705,D:\资源推荐\理论卡片\理论卡片\理论文献\理论卡片十一：行为主义学习理论\再看行为主义理论对高中数学教学的启示.pdf,math-teaching-resources/理论卡片/理论文献/理论卡片十一：行为主义学习理论/再看行为主义理论对高中数学教学的启示.pdf,https://math-1415627924.cos.ap-guangzhou.myqcloud.com/math-teaching-resources/理论卡片/理论文献/理论卡片十一：行为主义学习理论/再看行为主义理论对高中数学教学的启示.pdf,成功,2026-04-04 19:27:54,math-teaching-resources/理论卡片,理论文献\理论卡片十一：行为主义学习理论\再看行为主义理论对高中数学教学的启示.pdf
基于行为主义的数学教育理论.pdf,83989,D:\资源推荐\理论卡片\理论卡片\理论文献\理论卡片十一：行为主义学习理论\基于行为主义的数学教育理论.pdf,math-teaching-resources/理论卡片/理论文献/理论卡片十一：行为主义学习理论/基于行为主义的数学教育理论.pdf,https://math-1415627924.cos.ap-guangzhou.myqcloud.com/math-teaching-resources/理论卡片/理论文献/理论卡片十一：行为主义学习理论/基于行为主义的数学教育理论.pdf,成功,2026-04-04 19:27:54,math-teaching-resources/理论卡片,理论文献\理论卡片十一：行为主义学习理论\基于行为主义的数学教育理论.pdf
有效学习_基于行为主义学习理论.pdf,276155,D:\资源推荐\理论卡片\理论卡片\理论文献\理论卡片十一：行为主义学习理论\有效学习_基于行为主义学习理论.pdf,math-teaching-resources/理论卡片/理论文献/理论卡片十一：行为主义学习理论/有效学习_基于行为主义学习理论.pdf,https://math-1415627924.cos.ap-guangzhou.myqcloud.com/math-teaching-resources/理论卡片/理论文献/理论卡片十一：行为主义学习理论/有效学习_基于行为主义学习理论.pdf,成功,2026-04-04 19:27:54,math-teaching-resources/理论卡片,理论文献\理论卡片十一：行为主义学习理论\有效学习_基于行为主义学习理论.pdf
浅析行为主义学习理论.pdf,595148,D:\资源推荐\理论卡片\理论卡片\理论文献\理论卡片十一：行为主义学习理论\浅析行为主义学习理论.pdf,math-teaching-resources/理论卡片/理论文献/理论卡片十一：行为主义学习理论/浅析行为主义学习理论.pdf,https://math-1415627924.cos.ap-guangzhou.myqcloud.com/math-teaching-resources/理论卡片/理论文献/理论卡片十一：行为主义学习理论/浅析行为主义学习理论.pdf,成功,2026-04-04 19:27:54,math-teaching-resources/理论卡片,理论文献\理论卡片十一：行为主义学习理论\浅析行为主义学习理论.pdf
浅析行为主义学习理论和认知主义学习理论.pdf,1394160,D:\资源推荐\理论卡片\理论卡片\理论文献\理论卡片十一：行为主义学习理论\浅析行为主义学习理论和认知主义学习理论.pdf,math-teaching-resources/理论卡片/理论文献/理论卡片十一：行为主义学习理论/浅析行为主义学习理论和认知主义学习理论.pdf,https://math-1415627924.cos.ap-guangzhou.myqcloud.com/math-teaching-resources/理论卡片/理论文献/理论卡片十一：行为主义学习理论/浅析行为主义学习理论和认知主义学习理论.pdf,成功,2026-04-04 19:27:55,math-teaching-resources/理论卡片,理论文献\理论卡片十一：行为主义学习理论\浅析行为主义学习理论和认知主义学习理论.pdf
基于波利亚理论的高中数列解题教学策略实践研究.pdf,3639762,D:\资源推荐\理论卡片\理论卡片\理论文献\理论卡片十七：波利亚解题理论\基于波利亚理论的高中数列解题教学策略实践研究.pdf,math-teaching-resources/理论卡片/理论文献/理论卡片十七：波利亚解题理论/基于波利亚理论的高中数列解题教学策略实践研究.pdf,https://math-1415627924.cos.ap-guangzhou.myqcloud.com/math-teaching-resources/理论卡片/理论文献/理论卡片十七：波利亚解题理论/基于波利亚理论的高中数列解题教学策略实践研究.pdf,成功,2026-04-04 19:27:57,math-teaching-resources/理论卡片,理论文献\理论卡片十七：波利亚解题理论\基于波利亚理论的高中数列解题教学策略实践研究.pdf
基于波利亚解题思想的高中立体几何解题教学研究.pdf,2837133,D:\资源推荐\理论卡片\理论卡片\理论文献\理论卡片十七：波利亚解题理论\基于波利亚解题思想的高中立体几何解题教学研究.pdf,math-teaching-resources/理论卡片/理论文献/理论卡片十七：波利亚解题理论/基于波利亚解题思想的高中立体几何解题教学研究.pdf,https://math-1415627924.cos.ap-guangzhou.myqcloud.com/math-teaching-resources/理论卡片/理论文献/理论卡片十七：波利亚解题理论/基于波利亚解题思想的高中立体几何解题教学研究.pdf,成功,2026-04-04 19:27:59,math-teaching-resources/理论卡片,理论文献\理论卡片十七：波利亚解题理论\基于波利亚解题思想的高中立体几何解题教学研究.pdf
基于波利亚解题理论的教学研究--以“导数应用”为例.pdf,2758824,D:\资源推荐\理论卡片\理论卡片\理论文献\理论卡片十七：波利亚解题理论\基于波利亚解题理论的教学研究--以“导数应用”为例.pdf,math-teaching-resources/理论卡片/理论文献/理论卡片十七：波利亚解题理论/基于波利亚解题理论的教学研究--以“导数应用”为例.pdf,https://math-1415627924.cos.ap-guangzhou.myqcloud.com/math-teaching-resources/理论卡片/理论文献/理论卡片十七：波利亚解题理论/基于波利亚解题理论的教学研究--以“导数应用”为例.pdf,成功,2026-04-04 19:28:00,math-teaching-resources/理论卡片,理论文献\理论卡片十七：波利亚解题理论\基于波利亚解题理论的教学研究--以“导数应用”为例.pdf
波利亚理论下的高中数学“复杂情境”问题教学探索_齐飞.pdf,1239321,D:\资源推荐\理论卡片\理论卡片\理论文献\理论卡片十七：波利亚解题理论\波利亚理论下的高中数学“复杂情境”问题教学探索_齐飞.pdf,math-teaching-resources/理论卡片/理论文献/理论卡片十七：波利亚解题理论/波利亚理论下的高中数学“复杂情境”问题教学探索_齐飞.pdf,https://math-1415627924.cos.ap-guangzhou.myqcloud.com/math-teaching-resources/理论卡片/理论文献/理论卡片十七：波利亚解题理论/波利亚理论下的高中数学“复杂情境”问题教学探索_齐飞.pdf,成功,2026-04-04 19:28:01,math-teaching-resources/理论卡片,理论文献\理论卡片十七：波利亚解题理论\波利亚理论下的高中数学“复杂情境”问题教学探索_齐飞.pdf
波利亚解题理论在三角函数习题课教学中的应用研究.pdf,4122373,D:\资源推荐\理论卡片\理论卡片\理论文献\理论卡片十七：波利亚解题理论\波利亚解题理论在三角函数习题课教学中的应用研究.pdf,math-teaching-resources/理论卡片/理论文献/理论卡片十七：波利亚解题理论/波利亚解题理论在三角函数习题课教学中的应用研究.pdf,https://math-1415627924.cos.ap-guangzhou.myqcloud.com/math-teaching-resources/理论卡片/理论文献/理论卡片十七：波利亚解题理论/波利亚解题理论在三角函数习题课教学中的应用研究.pdf,成功,2026-04-04 19:28:03,math-teaching-resources/理论卡片,理论文献\理论卡片十七：波利亚解题理论\波利亚解题理论在三角函数习题课教学中的应用研究.pdf
波利亚解题理论在圆锥曲线习题课中的应用研究.pdf,4570749,D:\资源推荐\理论卡片\理论卡片\理论文献\理论卡片十七：波利亚解题理论\波利亚解题理论在圆锥曲线习题课中的应用研究.pdf,math-teaching-resources/理论卡片/理论文献/理论卡片十七：波利亚解题理论/波利亚解题理论在圆锥曲线习题课中的应用研究.pdf,https://math-1415627924.cos.ap-guangzhou.myqcloud.com/math-teaching-resources/理论卡片/理论文献/理论卡片十七：波利亚解题理论/波利亚解题理论在圆锥曲线习题课中的应用研究.pdf,成功,2026-04-04 19:28:06,math-teaching-resources/理论卡片,理论文献\理论卡片十七：波利亚解题理论\波利亚解题理论在圆锥曲线习题课中的应用研究.pdf
波利亚解题理论在高中数学教学中的应用——以_基本不等式_为例.pdf,952869,D:\资源推荐\理论卡片\理论卡片\理论文献\理论卡片十七：波利亚解题理论\波利亚解题理论在高中数学教学中的应用——以_基本不等式_为例.pdf,math-teaching-resources/理论卡片/理论文献/理论卡片十七：波利亚解题理论/波利亚解题理论在高中数学教学中的应用——以_基本不等式_为例.pdf,https://math-1415627924.cos.ap-guangzhou.myqcloud.com/math-teaching-resources/理论卡片/理论文献/理论卡片十七：波利亚解题理论/波利亚解题理论在高中数学教学中的应用——以_基本不等式_为例.pdf,成功,2026-04-04 19:28:06,math-teaching-resources/理论卡片,理论文献\理论卡片十七：波利亚解题理论\波利亚解题理论在高中数学教学中的应用——以_基本不等式_为例.pdf
人本主义学习理论对教学设计的指导意义.pdf,324821,D:\资源推荐\理论卡片\理论卡片\理论文献\理论卡片十三：人本主义学习理论\人本主义学习理论对教学设计的指导意义.pdf,math-teaching-resources/理论卡片/理论文献/理论卡片十三：人本主义学习理论/人本主义学习理论对教学设计的指导意义.pdf,https://math-1415627924.cos.ap-guangzhou.myqcloud.com/math-teaching-resources/理论卡片/理论文献/理论卡片十三：人本主义学习理论/人本主义学习理论对教学设计的指导意义.pdf,成功,2026-04-04 19:28:07,math-teaching-resources/理论卡片,理论文献\理论卡片十三：人本主义学习理论\人本主义学习理论对教学设计的指导意义.pdf
人本主义学习理论对教师的启示.pdf,130133,D:\资源推荐\理论卡片\理论卡片\理论文献\理论卡片十三：人本主义学习理论\人本主义学习理论对教师的启示.pdf,math-teaching-resources/理论卡片/理论文献/理论卡片十三：人本主义学习理论/人本主义学习理论对教师的启示.pdf,https://math-1415627924.cos.ap-guangzhou.myqcloud.com/math-teaching-resources/理论卡片/理论文献/理论卡片十三：人本主义学习理论/人本主义学习理论对教师的启示.pdf,成功,2026-04-04 19:28:07,math-teaching-resources/理论卡片,理论文献\理论卡片十三：人本主义学习理论\人本主义学习理论对教师的启示.pdf
人本主义学习理论导向下的数学教学.pdf,197659,D:\资源推荐\理论卡片\理论卡片\理论文献\理论卡片十三：人本主义学习理论\人本主义学习理论导向下的数学教学.pdf,math-teaching-resources/理论卡片/理论文献/理论卡片十三：人本主义学习理论/人本主义学习理论导向下的数学教学.pdf,https://math-1415627924.cos.ap-guangzhou.myqcloud.com/math-teaching-resources/理论卡片/理论文献/理论卡片十三：人本主义学习理论/人本主义学习理论导向下的数学教学.pdf,成功,2026-04-04 19:28:07,math-teaching-resources/理论卡片,理论文献\理论卡片十三：人本主义学习理论\人本主义学习理论导向下的数学教学.pdf
人本主义学习理论述评.pdf,58097,D:\资源推荐\理论卡片\理论卡片\理论文献\理论卡片十三：人本主义学习理论\人本主义学习理论述评.pdf,math-teaching-resources/理论卡片/理论文献/理论卡片十三：人本主义学习理论/人本主义学习理论述评.pdf,https://math-1415627924.cos.ap-guangzhou.myqcloud.com/math-teaching-resources/理论卡片/理论文献/理论卡片十三：人本主义学习理论/人本主义学习理论述评.pdf,成功,2026-04-04 19:28:07,math-teaching-resources/理论卡片,理论文献\理论卡片十三：人本主义学习理论\人本主义学习理论述评.pdf
应用人本主义学习理论对数学作业进行的改革.pdf,106669,D:\资源推荐\理论卡片\理论卡片\理论文献\理论卡片十三：人本主义学习理论\应用人本主义学习理论对数学作业进行的改革.pdf,math-teaching-resources/理论卡片/理论文献/理论卡片十三：人本主义学习理论/应用人本主义学习理论对数学作业进行的改革.pdf,https://math-1415627924.cos.ap-guangzhou.myqcloud.com/math-teaching-resources/理论卡片/理论文献/理论卡片十三：人本主义学习理论/应用人本主义学习理论对数学作业进行的改革.pdf,成功,2026-04-04 19:28:07,math-teaching-resources/理论卡片,理论文献\理论卡片十三：人本主义学习理论\应用人本主义学习理论对数学作业进行的改革.pdf
浅谈人本主义学习理论对高中立体几何教学的启示.pdf,1389961,D:\资源推荐\理论卡片\理论卡片\理论文献\理论卡片十三：人本主义学习理论\浅谈人本主义学习理论对高中立体几何教学的启示.pdf,math-teaching-resources/理论卡片/理论文献/理论卡片十三：人本主义学习理论/浅谈人本主义学习理论对高中立体几何教学的启示.pdf,https://math-1415627924.cos.ap-guangzhou.myqcloud.com/math-teaching-resources/理论卡片/理论文献/理论卡片十三：人本主义学习理论/浅谈人本主义学习理论对高中立体几何教学的启示.pdf,成功,2026-04-04 19:28:08,math-teaching-resources/理论卡片,理论文献\理论卡片十三：人本主义学习理论\浅谈人本主义学习理论对高中立体几何教学的启示.pdf
“再创造”理论在高中函数概念课的运用_梁宇学.pdf,431586,D:\资源推荐\理论卡片\理论卡片\理论文献\理论卡片十九：“再创造”理论\“再创造”理论在高中函数概念课的运用_梁宇学.pdf,math-teaching-resources/理论卡片/理论文献/理论卡片十九：“再创造”理论/“再创造”理论在高中函数概念课的运用_梁宇学.pdf,https://math-1415627924.cos.ap-guangzhou.myqcloud.com/math-teaching-resources/理论卡片/理论文献/理论卡片十九：“再创造”理论/“再创造”理论在高中函数概念课的运用_梁宇学.pdf,成功,2026-04-04 19:28:08,math-teaching-resources/理论卡片,理论文献\理论卡片十九：“再创造”理论\“再创造”理论在高中函数概念课的运用_梁宇学.pdf
“再创造”理论引导下的高中数学教学设计与实践研究——以“函数的基本性质”为例_张海燕.pdf,1590422,D:\资源推荐\理论卡片\理论卡片\理论文献\理论卡片十九：“再创造”理论\“再创造”理论引导下的高中数学教学设计与实践研究——以“函数的基本性质”为例_张海燕.pdf,math-teaching-resources/理论卡片/理论文献/理论卡片十九：“再创造”理论/“再创造”理论引导下的高中数学教学设计与实践研究——以“函数的基本性质”为例_张海燕.pdf,https://math-1415627924.cos.ap-guangzhou.myqcloud.com/math-teaching-resources/理论卡片/理论文献/理论卡片十九：“再创造”理论/“再创造”理论引导下的高中数学教学设计与实践研究——以“函数的基本性质”为例_张海燕.pdf,成功,2026-04-04 19:28:09,math-teaching-resources/理论卡片,理论文献\理论卡片十九：“再创造”理论\“再创造”理论引导下的高中数学教学设计与实践研究——以“函数的基本性质”为例_张海燕.pdf
再创造理论在高中数学教学中的实践研究_齐翠娟.pdf,1408063,D:\资源推荐\理论卡片\理论卡片\理论文献\理论卡片十九：“再创造”理论\再创造理论在高中数学教学中的实践研究_齐翠娟.pdf,math-teaching-resources/理论卡片/理论文献/理论卡片十九：“再创造”理论/再创造理论在高中数学教学中的实践研究_齐翠娟.pdf,https://math-1415627924.cos.ap-guangzhou.myqcloud.com/math-teaching-resources/理论卡片/理论文献/理论卡片十九：“再创造”理论/再创造理论在高中数学教学中的实践研究_齐翠娟.pdf,成功,2026-04-04 19:28:10,math-teaching-resources/理论卡片,理论文献\理论卡片十九：“再创造”理论\再创造理论在高中数学教学中的实践研究_齐翠娟.pdf
刍议再创造理论在高中数学教学中的实践_刘涛.pdf,1174331,D:\资源推荐\理论卡片\理论卡片\理论文献\理论卡片十九：“再创造”理论\刍议再创造理论在高中数学教学中的实践_刘涛.pdf,math-teaching-resources/理论卡片/理论文献/理论卡片十九：“再创造”理论/刍议再创造理论在高中数学教学中的实践_刘涛.pdf,https://math-1415627924.cos.ap-guangzhou.myqcloud.com/math-teaching-resources/理论卡片/理论文献/理论卡片十九：“再创造”理论/刍议再创造理论在高中数学教学中的实践_刘涛.pdf,成功,2026-04-04 19:28:11,math-teaching-resources/理论卡片,理论文献\理论卡片十九：“再创造”理论\刍议再创造理论在高中数学教学中的实践_刘涛.pdf
基于“再创造”理论的椭圆定义教学_石鸿鹏.pdf,987585,D:\资源推荐\理论卡片\理论卡片\理论文献\理论卡片十九：“再创造”理论\基于“再创造”理论的椭圆定义教学_石鸿鹏.pdf,math-teaching-resources/理论卡片/理论文献/理论卡片十九：“再创造”理论/基于“再创造”理论的椭圆定义教学_石鸿鹏.pdf,https://math-1415627924.cos.ap-guangzhou.myqcloud.com/math-teaching-resources/理论卡片/理论文献/理论卡片十九：“再创造”理论/基于“再创造”理论的椭圆定义教学_石鸿鹏.pdf,成功,2026-04-04 19:28:11,math-teaching-resources/理论卡片,理论文献\理论卡片十九：“再创造”理论\基于“再创造”理论的椭圆定义教学_石鸿鹏.pdf
基于“再创造”理论的高中数学教学实践——以“平面向量基本定理”为例_王锦熠.pdf,877309,D:\资源推荐\理论卡片\理论卡片\理论文献\理论卡片十九：“再创造”理论\基于“再创造”理论的高中数学教学实践——以“平面向量基本定理”为例_王锦熠.pdf,math-teaching-resources/理论卡片/理论文献/理论卡片十九：“再创造”理论/基于“再创造”理论的高中数学教学实践——以“平面向量基本定理”为例_王锦熠.pdf,https://math-1415627924.cos.ap-guangzhou.myqcloud.com/math-teaching-resources/理论卡片/理论文献/理论卡片十九：“再创造”理论/基于“再创造”理论的高中数学教学实践——以“平面向量基本定理”为例_王锦熠.pdf,成功,2026-04-04 19:28:12,math-teaching-resources/理论卡片,理论文献\理论卡片十九：“再创造”理论\基于“再创造”理论的高中数学教学实践——以“平面向量基本定理”为例_王锦熠.pdf
基于“再创造”理论的高中数学问题解决教学策略研究_张天娇.pdf,7889839,D:\资源推荐\理论卡片\理论卡片\理论文献\理论卡片十九：“再创造”理论\基于“再创造”理论的高中数学问题解决教学策略研究_张天娇.pdf,math-teaching-resources/理论卡片/理论文献/理论卡片十九：“再创造”理论/基于“再创造”理论的高中数学问题解决教学策略研究_张天娇.pdf,https://math-1415627924.cos.ap-guangzhou.myqcloud.com/math-teaching-resources/理论卡片/理论文献/理论卡片十九：“再创造”理论/基于“再创造”理论的高中数学问题解决教学策略研究_张天娇.pdf,成功,2026-04-04 19:28:16,math-teaching-resources/理论卡片,理论文献\理论卡片十九：“再创造”理论\基于“再创造”理论的高中数学问题解决教学策略研究_张天娇.pdf
基于再创造的高中数学概念教学研究_陈彦君.pdf,2752307,D:\资源推荐\理论卡片\理论卡片\理论文献\理论卡片十九：“再创造”理论\基于再创造的高中数学概念教学研究_陈彦君.pdf,math-teaching-resources/理论卡片/理论文献/理论卡片十九：“再创造”理论/基于再创造的高中数学概念教学研究_陈彦君.pdf,https://math-1415627924.cos.ap-guangzhou.myqcloud.com/math-teaching-resources/理论卡片/理论文献/理论卡片十九：“再创造”理论/基于再创造的高中数学概念教学研究_陈彦君.pdf,成功,2026-04-04 19:28:18,math-teaching-resources/理论卡片,理论文献\理论卡片十九：“再创造”理论\基于再创造的高中数学概念教学研究_陈彦君.pdf
变式理论下高中椭圆教学研究.pdf,1786796,D:\资源推荐\理论卡片\理论卡片\理论文献\理论卡片十二：变式理论\变式理论下高中椭圆教学研究.pdf,math-teaching-resources/理论卡片/理论文献/理论卡片十二：变式理论/变式理论下高中椭圆教学研究.pdf,https://math-1415627924.cos.ap-guangzhou.myqcloud.com/math-teaching-resources/理论卡片/理论文献/理论卡片十二：变式理论/变式理论下高中椭圆教学研究.pdf,成功,2026-04-04 19:28:19,math-teaching-resources/理论卡片,理论文献\理论卡片十二：变式理论\变式理论下高中椭圆教学研究.pdf
变式理论与认知发展.pdf,325058,D:\资源推荐\理论卡片\理论卡片\理论文献\理论卡片十二：变式理论\变式理论与认知发展.pdf,math-teaching-resources/理论卡片/理论文献/理论卡片十二：变式理论/变式理论与认知发展.pdf,https://math-1415627924.cos.ap-guangzhou.myqcloud.com/math-teaching-resources/理论卡片/理论文献/理论卡片十二：变式理论/变式理论与认知发展.pdf,成功,2026-04-04 19:28:19,math-teaching-resources/理论卡片,理论文献\理论卡片十二：变式理论\变式理论与认知发展.pdf
基于变式理论的习题设计.pdf,8663135,D:\资源推荐\理论卡片\理论卡片\理论文献\理论卡片十二：变式理论\基于变式理论的习题设计.pdf,math-teaching-resources/理论卡片/理论文献/理论卡片十二：变式理论/基于变式理论的习题设计.pdf,https://math-1415627924.cos.ap-guangzhou.myqcloud.com/math-teaching-resources/理论卡片/理论文献/理论卡片十二：变式理论/基于变式理论的习题设计.pdf,成功,2026-04-04 19:28:24,math-teaching-resources/理论卡片,理论文献\理论卡片十二：变式理论\基于变式理论的习题设计.pdf
基于变式理论的基本不等式教学设计研究.pdf,3237641,D:\资源推荐\理论卡片\理论卡片\理论文献\理论卡片十二：变式理论\基于变式理论的基本不等式教学设计研究.pdf,math-teaching-resources/理论卡片/理论文献/理论卡片十二：变式理论/基于变式理论的基本不等式教学设计研究.pdf,https://math-1415627924.cos.ap-guangzhou.myqcloud.com/math-teaching-resources/理论卡片/理论文献/理论卡片十二：变式理论/基于变式理论的基本不等式教学设计研究.pdf,成功,2026-04-04 19:28:26,math-teaching-resources/理论卡片,理论文献\理论卡片十二：变式理论\基于变式理论的基本不等式教学设计研究.pdf
基于变式理论的解三角形教学设计研究.pdf,2101897,D:\资源推荐\理论卡片\理论卡片\理论文献\理论卡片十二：变式理论\基于变式理论的解三角形教学设计研究.pdf,math-teaching-resources/理论卡片/理论文献/理论卡片十二：变式理论/基于变式理论的解三角形教学设计研究.pdf,https://math-1415627924.cos.ap-guangzhou.myqcloud.com/math-teaching-resources/理论卡片/理论文献/理论卡片十二：变式理论/基于变式理论的解三角形教学设计研究.pdf,成功,2026-04-04 19:28:27,math-teaching-resources/理论卡片,理论文献\理论卡片十二：变式理论\基于变式理论的解三角形教学设计研究.pdf
基于变式理论的高中抛物线教学研究.pdf,3981502,D:\资源推荐\理论卡片\理论卡片\理论文献\理论卡片十二：变式理论\基于变式理论的高中抛物线教学研究.pdf,math-teaching-resources/理论卡片/理论文献/理论卡片十二：变式理论/基于变式理论的高中抛物线教学研究.pdf,https://math-1415627924.cos.ap-guangzhou.myqcloud.com/math-teaching-resources/理论卡片/理论文献/理论卡片十二：变式理论/基于变式理论的高中抛物线教学研究.pdf,成功,2026-04-04 19:28:29,math-teaching-resources/理论卡片,理论文献\理论卡片十二：变式理论\基于变式理论的高中抛物线教学研究.pdf
基于变式理论的高中数学教学设计研究——以_函数对称性_为例.pdf,888547,D:\资源推荐\理论卡片\理论卡片\理论文献\理论卡片十二：变式理论\基于变式理论的高中数学教学设计研究——以_函数对称性_为例.pdf,math-teaching-resources/理论卡片/理论文献/理论卡片十二：变式理论/基于变式理论的高中数学教学设计研究——以_函数对称性_为例.pdf,https://math-1415627924.cos.ap-guangzhou.myqcloud.com/math-teaching-resources/理论卡片/理论文献/理论卡片十二：变式理论/基于变式理论的高中数学教学设计研究——以_函数对称性_为例.pdf,成功,2026-04-04 19:28:29,math-teaching-resources/理论卡片,理论文献\理论卡片十二：变式理论\基于变式理论的高中数学教学设计研究——以_函数对称性_为例.pdf
基于多元智能理论的高中数学学业评价研究.pdf,2114878,D:\资源推荐\理论卡片\理论卡片\理论文献\理论卡片十五：多元智能理论\基于多元智能理论的高中数学学业评价研究.pdf,math-teaching-resources/理论卡片/理论文献/理论卡片十五：多元智能理论/基于多元智能理论的高中数学学业评价研究.pdf,https://math-1415627924.cos.ap-guangzhou.myqcloud.com/math-teaching-resources/理论卡片/理论文献/理论卡片十五：多元智能理论/基于多元智能理论的高中数学学业评价研究.pdf,成功,2026-04-04 19:28:31,math-teaching-resources/理论卡片,理论文献\理论卡片十五：多元智能理论\基于多元智能理论的高中数学学业评价研究.pdf
基于多元智能理论的高中数学教学研究与实践.pdf,2722658,D:\资源推荐\理论卡片\理论卡片\理论文献\理论卡片十五：多元智能理论\基于多元智能理论的高中数学教学研究与实践.pdf,math-teaching-resources/理论卡片/理论文献/理论卡片十五：多元智能理论/基于多元智能理论的高中数学教学研究与实践.pdf,https://math-1415627924.cos.ap-guangzhou.myqcloud.com/math-teaching-resources/理论卡片/理论文献/理论卡片十五：多元智能理论/基于多元智能理论的高中数学教学研究与实践.pdf,成功,2026-04-04 19:28:32,math-teaching-resources/理论卡片,理论文献\理论卡片十五：多元智能理论\基于多元智能理论的高中数学教学研究与实践.pdf
基于多元智能理论的高中数学教学策略.pdf,177548,D:\资源推荐\理论卡片\理论卡片\理论文献\理论卡片十五：多元智能理论\基于多元智能理论的高中数学教学策略.pdf,math-teaching-resources/理论卡片/理论文献/理论卡片十五：多元智能理论/基于多元智能理论的高中数学教学策略.pdf,https://math-1415627924.cos.ap-guangzhou.myqcloud.com/math-teaching-resources/理论卡片/理论文献/理论卡片十五：多元智能理论/基于多元智能理论的高中数学教学策略.pdf,成功,2026-04-04 19:28:32,math-teaching-resources/理论卡片,理论文献\理论卡片十五：多元智能理论\基于多元智能理论的高中数学教学策略.pdf
多元智能理论下高中数学个性化学习方式探究_任扬武.pdf,1345552,D:\资源推荐\理论卡片\理论卡片\理论文献\理论卡片十五：多元智能理论\多元智能理论下高中数学个性化学习方式探究_任扬武.pdf,math-teaching-resources/理论卡片/理论文献/理论卡片十五：多元智能理论/多元智能理论下高中数学个性化学习方式探究_任扬武.pdf,https://math-1415627924.cos.ap-guangzhou.myqcloud.com/math-teaching-resources/理论卡片/理论文献/理论卡片十五：多元智能理论/多元智能理论下高中数学个性化学习方式探究_任扬武.pdf,成功,2026-04-04 19:28:33,math-teaching-resources/理论卡片,理论文献\理论卡片十五：多元智能理论\多元智能理论下高中数学个性化学习方式探究_任扬武.pdf
多元智能理论教学观下的高中数学数列教学实践与研究.pdf,4568137,D:\资源推荐\理论卡片\理论卡片\理论文献\理论卡片十五：多元智能理论\多元智能理论教学观下的高中数学数列教学实践与研究.pdf,math-teaching-resources/理论卡片/理论文献/理论卡片十五：多元智能理论/多元智能理论教学观下的高中数学数列教学实践与研究.pdf,https://math-1415627924.cos.ap-guangzhou.myqcloud.com/math-teaching-resources/理论卡片/理论文献/理论卡片十五：多元智能理论/多元智能理论教学观下的高中数学数列教学实践与研究.pdf,成功,2026-04-04 19:28:36,math-teaching-resources/理论卡片,理论文献\理论卡片十五：多元智能理论\多元智能理论教学观下的高中数学数列教学实践与研究.pdf
多元智能理论的研究综述及对高中数学教学的启示.pdf,917191,D:\资源推荐\理论卡片\理论卡片\理论文献\理论卡片十五：多元智能理论\多元智能理论的研究综述及对高中数学教学的启示.pdf,math-teaching-resources/理论卡片/理论文献/理论卡片十五：多元智能理论/多元智能理论的研究综述及对高中数学教学的启示.pdf,https://math-1415627924.cos.ap-guangzhou.myqcloud.com/math-teaching-resources/理论卡片/理论文献/理论卡片十五：多元智能理论/多元智能理论的研究综述及对高中数学教学的启示.pdf,成功,2026-04-04 19:28:36,math-teaching-resources/理论卡片,理论文献\理论卡片十五：多元智能理论\多元智能理论的研究综述及对高中数学教学的启示.pdf
多元智能理论综述.pdf,202635,D:\资源推荐\理论卡片\理论卡片\理论文献\理论卡片十五：多元智能理论\多元智能理论综述.pdf,math-teaching-resources/理论卡片/理论文献/理论卡片十五：多元智能理论/多元智能理论综述.pdf,https://math-1415627924.cos.ap-guangzhou.myqcloud.com/math-teaching-resources/理论卡片/理论文献/理论卡片十五：多元智能理论/多元智能理论综述.pdf,成功,2026-04-04 19:28:36,math-teaching-resources/理论卡片,理论文献\理论卡片十五：多元智能理论\多元智能理论综述.pdf
多元智能理论背景下高中数学个性化学习方法探究.pdf,849074,D:\资源推荐\理论卡片\理论卡片\理论文献\理论卡片十五：多元智能理论\多元智能理论背景下高中数学个性化学习方法探究.pdf,math-teaching-resources/理论卡片/理论文献/理论卡片十五：多元智能理论/多元智能理论背景下高中数学个性化学习方法探究.pdf,https://math-1415627924.cos.ap-guangzhou.myqcloud.com/math-teaching-resources/理论卡片/理论文献/理论卡片十五：多元智能理论/多元智能理论背景下高中数学个性化学习方法探究.pdf,成功,2026-04-04 19:28:37,math-teaching-resources/理论卡片,理论文献\理论卡片十五：多元智能理论\多元智能理论背景下高中数学个性化学习方法探究.pdf
多元智能视角下的高中数学教学设计及分析--以“三角函数的周期性”教学为例.pdf,814377,D:\资源推荐\理论卡片\理论卡片\理论文献\理论卡片十五：多元智能理论\多元智能视角下的高中数学教学设计及分析--以“三角函数的周期性”教学为例.pdf,math-teaching-resources/理论卡片/理论文献/理论卡片十五：多元智能理论/多元智能视角下的高中数学教学设计及分析--以“三角函数的周期性”教学为例.pdf,https://math-1415627924.cos.ap-guangzhou.myqcloud.com/math-teaching-resources/理论卡片/理论文献/理论卡片十五：多元智能理论/多元智能视角下的高中数学教学设计及分析--以“三角函数的周期性”教学为例.pdf,成功,2026-04-04 19:28:38,math-teaching-resources/理论卡片,理论文献\理论卡片十五：多元智能理论\多元智能视角下的高中数学教学设计及分析--以“三角函数的周期性”教学为例.pdf
HPM理论下高二数列概念教学设计研究.pdf,5115107,D:\资源推荐\理论卡片\理论卡片\理论文献\理论卡片十八：HPM理论\HPM理论下高二数列概念教学设计研究.pdf,math-teaching-resources/理论卡片/理论文献/理论卡片十八：HPM理论/HPM理论下高二数列概念教学设计研究.pdf,https://math-1415627924.cos.ap-guangzhou.myqcloud.com/math-teaching-resources/理论卡片/理论文献/理论卡片十八：HPM理论/HPM理论下高二数列概念教学设计研究.pdf,成功,2026-04-04 19:28:41,math-teaching-resources/理论卡片,理论文献\理论卡片十八：HPM理论\HPM理论下高二数列概念教学设计研究.pdf
HPM理论下高校数学四阶教学模式探索_闻翠.pdf,1272629,D:\资源推荐\理论卡片\理论卡片\理论文献\理论卡片十八：HPM理论\HPM理论下高校数学四阶教学模式探索_闻翠.pdf,math-teaching-resources/理论卡片/理论文献/理论卡片十八：HPM理论/HPM理论下高校数学四阶教学模式探索_闻翠.pdf,https://math-1415627924.cos.ap-guangzhou.myqcloud.com/math-teaching-resources/理论卡片/理论文献/理论卡片十八：HPM理论/HPM理论下高校数学四阶教学模式探索_闻翠.pdf,成功,2026-04-04 19:28:42,math-teaching-resources/理论卡片,理论文献\理论卡片十八：HPM理论\HPM理论下高校数学四阶教学模式探索_闻翠.pdf
HPM理论下高等数学课程思政教学设计——以数列的极限为例.pdf,2001554,D:\资源推荐\理论卡片\理论卡片\理论文献\理论卡片十八：HPM理论\HPM理论下高等数学课程思政教学设计——以数列的极限为例.pdf,math-teaching-resources/理论卡片/理论文献/理论卡片十八：HPM理论/HPM理论下高等数学课程思政教学设计——以数列的极限为例.pdf,https://math-1415627924.cos.ap-guangzhou.myqcloud.com/math-teaching-resources/理论卡片/理论文献/理论卡片十八：HPM理论/HPM理论下高等数学课程思政教学设计——以数列的极限为例.pdf,成功,2026-04-04 19:28:43,math-teaching-resources/理论卡片,理论文献\理论卡片十八：HPM理论\HPM理论下高等数学课程思政教学设计——以数列的极限为例.pdf
HPM理论融入复数单元教学设计研究.pdf,4993331,D:\资源推荐\理论卡片\理论卡片\理论文献\理论卡片十八：HPM理论\HPM理论融入复数单元教学设计研究.pdf,math-teaching-resources/理论卡片/理论文献/理论卡片十八：HPM理论/HPM理论融入复数单元教学设计研究.pdf,https://math-1415627924.cos.ap-guangzhou.myqcloud.com/math-teaching-resources/理论卡片/理论文献/理论卡片十八：HPM理论/HPM理论融入复数单元教学设计研究.pdf,成功,2026-04-04 19:28:46,math-teaching-resources/理论卡片,理论文献\理论卡片十八：HPM理论\HPM理论融入复数单元教学设计研究.pdf
HPM视角下的高中几何教学问题情境设计研究_周梅芳.pdf,5585402,D:\资源推荐\理论卡片\理论卡片\理论文献\理论卡片十八：HPM理论\HPM视角下的高中几何教学问题情境设计研究_周梅芳.pdf,math-teaching-resources/理论卡片/理论文献/理论卡片十八：HPM理论/HPM视角下的高中几何教学问题情境设计研究_周梅芳.pdf,https://math-1415627924.cos.ap-guangzhou.myqcloud.com/math-teaching-resources/理论卡片/理论文献/理论卡片十八：HPM理论/HPM视角下的高中几何教学问题情境设计研究_周梅芳.pdf,成功,2026-04-04 19:28:49,math-teaching-resources/理论卡片,理论文献\理论卡片十八：HPM理论\HPM视角下的高中几何教学问题情境设计研究_周梅芳.pdf
HPM视角下高中三角函数的教学研究_马超颖.pdf,2838961,D:\资源推荐\理论卡片\理论卡片\理论文献\理论卡片十八：HPM理论\HPM视角下高中三角函数的教学研究_马超颖.pdf,math-teaching-resources/理论卡片/理论文献/理论卡片十八：HPM理论/HPM视角下高中三角函数的教学研究_马超颖.pdf,https://math-1415627924.cos.ap-guangzhou.myqcloud.com/math-teaching-resources/理论卡片/理论文献/理论卡片十八：HPM理论/HPM视角下高中三角函数的教学研究_马超颖.pdf,成功,2026-04-04 19:28:51,math-teaching-resources/理论卡片,理论文献\理论卡片十八：HPM理论\HPM视角下高中三角函数的教学研究_马超颖.pdf
HPM视角下高中数学单元教学模式构建与应用研究_盛小燕.pdf,6301686,D:\资源推荐\理论卡片\理论卡片\理论文献\理论卡片十八：HPM理论\HPM视角下高中数学单元教学模式构建与应用研究_盛小燕.pdf,math-teaching-resources/理论卡片/理论文献/理论卡片十八：HPM理论/HPM视角下高中数学单元教学模式构建与应用研究_盛小燕.pdf,https://math-1415627924.cos.ap-guangzhou.myqcloud.com/math-teaching-resources/理论卡片/理论文献/理论卡片十八：HPM理论/HPM视角下高中数学单元教学模式构建与应用研究_盛小燕.pdf,成功,2026-04-04 19:28:54,math-teaching-resources/理论卡片,理论文献\理论卡片十八：HPM理论\HPM视角下高中数学单元教学模式构建与应用研究_盛小燕.pdf
HPM视角下高中数学概念学习的教学研究与实践_刁燕华.pdf,5180982,D:\资源推荐\理论卡片\理论卡片\理论文献\理论卡片十八：HPM理论\HPM视角下高中数学概念学习的教学研究与实践_刁燕华.pdf,math-teaching-resources/理论卡片/理论文献/理论卡片十八：HPM理论/HPM视角下高中数学概念学习的教学研究与实践_刁燕华.pdf,https://math-1415627924.cos.ap-guangzhou.myqcloud.com/math-teaching-resources/理论卡片/理论文献/理论卡片十八：HPM理论/HPM视角下高中数学概念学习的教学研究与实践_刁燕华.pdf,成功,2026-04-04 19:28:57,math-teaching-resources/理论卡片,理论文献\理论卡片十八：HPM理论\HPM视角下高中数学概念学习的教学研究与实践_刁燕华.pdf
基于HPM的高中等差数列教学设计研究_吴传辉.pdf,3276988,D:\资源推荐\理论卡片\理论卡片\理论文献\理论卡片十八：HPM理论\基于HPM的高中等差数列教学设计研究_吴传辉.pdf,math-teaching-resources/理论卡片/理论文献/理论卡片十八：HPM理论/基于HPM的高中等差数列教学设计研究_吴传辉.pdf,https://math-1415627924.cos.ap-guangzhou.myqcloud.com/math-teaching-resources/理论卡片/理论文献/理论卡片十八：HPM理论/基于HPM的高中等差数列教学设计研究_吴传辉.pdf,成功,2026-04-04 19:28:59,math-teaching-resources/理论卡片,理论文献\理论卡片十八：HPM理论\基于HPM的高中等差数列教学设计研究_吴传辉.pdf
基于深度学习理论圆锥曲线单元教学设计研究.pdf,5870541,D:\资源推荐\理论卡片\理论卡片\理论文献\理论卡片十六：深度学习理论\基于深度学习理论圆锥曲线单元教学设计研究.pdf,math-teaching-resources/理论卡片/理论文献/理论卡片十六：深度学习理论/基于深度学习理论圆锥曲线单元教学设计研究.pdf,https://math-1415627924.cos.ap-guangzhou.myqcloud.com/math-teaching-resources/理论卡片/理论文献/理论卡片十六：深度学习理论/基于深度学习理论圆锥曲线单元教学设计研究.pdf,成功,2026-04-04 19:29:02,math-teaching-resources/理论卡片,理论文献\理论卡片十六：深度学习理论\基于深度学习理论圆锥曲线单元教学设计研究.pdf
基于深度学习理论的数学教学设计——以_复数的三角表示_为例.pdf,970030,D:\资源推荐\理论卡片\理论卡片\理论文献\理论卡片十六：深度学习理论\基于深度学习理论的数学教学设计——以_复数的三角表示_为例.pdf,math-teaching-resources/理论卡片/理论文献/理论卡片十六：深度学习理论/基于深度学习理论的数学教学设计——以_复数的三角表示_为例.pdf,https://math-1415627924.cos.ap-guangzhou.myqcloud.com/math-teaching-resources/理论卡片/理论文献/理论卡片十六：深度学习理论/基于深度学习理论的数学教学设计——以_复数的三角表示_为例.pdf,成功,2026-04-04 19:29:03,math-teaching-resources/理论卡片,理论文献\理论卡片十六：深度学习理论\基于深度学习理论的数学教学设计——以_复数的三角表示_为例.pdf
基于深度学习理论的高中数学命题教学设计.pdf,715823,D:\资源推荐\理论卡片\理论卡片\理论文献\理论卡片十六：深度学习理论\基于深度学习理论的高中数学命题教学设计.pdf,math-teaching-resources/理论卡片/理论文献/理论卡片十六：深度学习理论/基于深度学习理论的高中数学命题教学设计.pdf,https://math-1415627924.cos.ap-guangzhou.myqcloud.com/math-teaching-resources/理论卡片/理论文献/理论卡片十六：深度学习理论/基于深度学习理论的高中数学命题教学设计.pdf,成功,2026-04-04 19:29:03,math-teaching-resources/理论卡片,理论文献\理论卡片十六：深度学习理论\基于深度学习理论的高中数学命题教学设计.pdf
基于深度学习理论的高中数学微项目教学实践与思考——以_圆锥曲线光学性质_为例.pdf,757257,D:\资源推荐\理论卡片\理论卡片\理论文献\理论卡片十六：深度学习理论\基于深度学习理论的高中数学微项目教学实践与思考——以_圆锥曲线光学性质_为例.pdf,math-teaching-resources/理论卡片/理论文献/理论卡片十六：深度学习理论/基于深度学习理论的高中数学微项目教学实践与思考——以_圆锥曲线光学性质_为例.pdf,https://math-1415627924.cos.ap-guangzhou.myqcloud.com/math-teaching-resources/理论卡片/理论文献/理论卡片十六：深度学习理论/基于深度学习理论的高中数学微项目教学实践与思考——以_圆锥曲线光学性质_为例.pdf,成功,2026-04-04 19:29:04,math-teaching-resources/理论卡片,理论文献\理论卡片十六：深度学习理论\基于深度学习理论的高中数学微项目教学实践与思考——以_圆锥曲线光学性质_为例.pdf
基于深度学习理论的高中数学教学策略研究.pdf,1250668,D:\资源推荐\理论卡片\理论卡片\理论文献\理论卡片十六：深度学习理论\基于深度学习理论的高中数学教学策略研究.pdf,math-teaching-resources/理论卡片/理论文献/理论卡片十六：深度学习理论/基于深度学习理论的高中数学教学策略研究.pdf,https://math-1415627924.cos.ap-guangzhou.myqcloud.com/math-teaching-resources/理论卡片/理论文献/理论卡片十六：深度学习理论/基于深度学习理论的高中数学教学策略研究.pdf,成功,2026-04-04 19:29:04,math-teaching-resources/理论卡片,理论文献\理论卡片十六：深度学习理论\基于深度学习理论的高中数学教学策略研究.pdf
基于深度学习理论的高中数学概念教学探索——以_三角函数的概念_的教学为例.pdf,1150245,D:\资源推荐\理论卡片\理论卡片\理论文献\理论卡片十六：深度学习理论\基于深度学习理论的高中数学概念教学探索——以_三角函数的概念_的教学为例.pdf,math-teaching-resources/理论卡片/理论文献/理论卡片十六：深度学习理论/基于深度学习理论的高中数学概念教学探索——以_三角函数的概念_的教学为例.pdf,https://math-1415627924.cos.ap-guangzhou.myqcloud.com/math-teaching-resources/理论卡片/理论文献/理论卡片十六：深度学习理论/基于深度学习理论的高中数学概念教学探索——以_三角函数的概念_的教学为例.pdf,成功,2026-04-04 19:29:05,math-teaching-resources/理论卡片,理论文献\理论卡片十六：深度学习理论\基于深度学习理论的高中数学概念教学探索——以_三角函数的概念_的教学为例.pdf
基于深度学习理论的高中数学课后作业设计研究.pdf,644418,D:\资源推荐\理论卡片\理论卡片\理论文献\理论卡片十六：深度学习理论\基于深度学习理论的高中数学课后作业设计研究.pdf,math-teaching-resources/理论卡片/理论文献/理论卡片十六：深度学习理论/基于深度学习理论的高中数学课后作业设计研究.pdf,https://math-1415627924.cos.ap-guangzhou.myqcloud.com/math-teaching-resources/理论卡片/理论文献/理论卡片十六：深度学习理论/基于深度学习理论的高中数学课后作业设计研究.pdf,成功,2026-04-04 19:29:05,math-teaching-resources/理论卡片,理论文献\理论卡片十六：深度学习理论\基于深度学习理论的高中数学课后作业设计研究.pdf
深度学习理论综述.pdf,1633420,D:\资源推荐\理论卡片\理论卡片\理论文献\理论卡片十六：深度学习理论\深度学习理论综述.pdf,math-teaching-resources/理论卡片/理论文献/理论卡片十六：深度学习理论/深度学习理论综述.pdf,https://math-1415627924.cos.ap-guangzhou.myqcloud.com/math-teaching-resources/理论卡片/理论文献/理论卡片十六：深度学习理论/深度学习理论综述.pdf,成功,2026-04-04 19:29:06,math-teaching-resources/理论卡片,理论文献\理论卡片十六：深度学习理论\深度学习理论综述.pdf
深度学习视域下的高中数学核心概念教学探索.pdf,209974,D:\资源推荐\理论卡片\理论卡片\理论文献\理论卡片十六：深度学习理论\深度学习视域下的高中数学核心概念教学探索.pdf,math-teaching-resources/理论卡片/理论文献/理论卡片十六：深度学习理论/深度学习视域下的高中数学核心概念教学探索.pdf,https://math-1415627924.cos.ap-guangzhou.myqcloud.com/math-teaching-resources/理论卡片/理论文献/理论卡片十六：深度学习理论/深度学习视域下的高中数学核心概念教学探索.pdf,成功,2026-04-04 19:29:07,math-teaching-resources/理论卡片,理论文献\理论卡片十六：深度学习理论\深度学习视域下的高中数学核心概念教学探索.pdf
高中数学大单元教学与深度学习理论的有效结合.pdf,978098,D:\资源推荐\理论卡片\理论卡片\理论文献\理论卡片十六：深度学习理论\高中数学大单元教学与深度学习理论的有效结合.pdf,math-teaching-resources/理论卡片/理论文献/理论卡片十六：深度学习理论/高中数学大单元教学与深度学习理论的有效结合.pdf,https://math-1415627924.cos.ap-guangzhou.myqcloud.com/math-teaching-resources/理论卡片/理论文献/理论卡片十六：深度学习理论/高中数学大单元教学与深度学习理论的有效结合.pdf,成功,2026-04-04 19:29:07,math-teaching-resources/理论卡片,理论文献\理论卡片十六：深度学习理论\高中数学大单元教学与深度学习理论的有效结合.pdf
具身认知_打开高中数学教学新视野.pdf,1005453,D:\资源推荐\理论卡片\理论卡片\理论文献\理论卡片十四：具身认知理论\具身认知_打开高中数学教学新视野.pdf,math-teaching-resources/理论卡片/理论文献/理论卡片十四：具身认知理论/具身认知_打开高中数学教学新视野.pdf,https://math-1415627924.cos.ap-guangzhou.myqcloud.com/math-teaching-resources/理论卡片/理论文献/理论卡片十四：具身认知理论/具身认知_打开高中数学教学新视野.pdf,成功,2026-04-04 19:29:08,math-teaching-resources/理论卡片,理论文献\理论卡片十四：具身认知理论\具身认知_打开高中数学教学新视野.pdf
具身认知理论下的高中数学教学.pdf,987468,D:\资源推荐\理论卡片\理论卡片\理论文献\理论卡片十四：具身认知理论\具身认知理论下的高中数学教学.pdf,math-teaching-resources/理论卡片/理论文献/理论卡片十四：具身认知理论/具身认知理论下的高中数学教学.pdf,https://math-1415627924.cos.ap-guangzhou.myqcloud.com/math-teaching-resources/理论卡片/理论文献/理论卡片十四：具身认知理论/具身认知理论下的高中数学教学.pdf,成功,2026-04-04 19:29:08,math-teaching-resources/理论卡片,理论文献\理论卡片十四：具身认知理论\具身认知理论下的高中数学教学.pdf
具身认知理论下高中数学教学浅解.pdf,873883,D:\资源推荐\理论卡片\理论卡片\理论文献\理论卡片十四：具身认知理论\具身认知理论下高中数学教学浅解.pdf,math-teaching-resources/理论卡片/理论文献/理论卡片十四：具身认知理论/具身认知理论下高中数学教学浅解.pdf,https://math-1415627924.cos.ap-guangzhou.myqcloud.com/math-teaching-resources/理论卡片/理论文献/理论卡片十四：具身认知理论/具身认知理论下高中数学教学浅解.pdf,成功,2026-04-04 19:29:09,math-teaching-resources/理论卡片,理论文献\理论卡片十四：具身认知理论\具身认知理论下高中数学教学浅解.pdf
具身认知理论下高中数学教材的回归教学_价值、误区与项目式学习路径_陈亮.pdf,910890,D:\资源推荐\理论卡片\理论卡片\理论文献\理论卡片十四：具身认知理论\具身认知理论下高中数学教材的回归教学_价值、误区与项目式学习路径_陈亮.pdf,math-teaching-resources/理论卡片/理论文献/理论卡片十四：具身认知理论/具身认知理论下高中数学教材的回归教学_价值、误区与项目式学习路径_陈亮.pdf,https://math-1415627924.cos.ap-guangzhou.myqcloud.com/math-teaching-resources/理论卡片/理论文献/理论卡片十四：具身认知理论/具身认知理论下高中数学教材的回归教学_价值、误区与项目式学习路径_陈亮.pdf,成功,2026-04-04 19:29:10,math-teaching-resources/理论卡片,理论文献\理论卡片十四：具身认知理论\具身认知理论下高中数学教材的回归教学_价值、误区与项目式学习路径_陈亮.pdf
具身认知理论研究述评.pdf,1242344,D:\资源推荐\理论卡片\理论卡片\理论文献\理论卡片十四：具身认知理论\具身认知理论研究述评.pdf,math-teaching-resources/理论卡片/理论文献/理论卡片十四：具身认知理论/具身认知理论研究述评.pdf,https://math-1415627924.cos.ap-guangzhou.myqcloud.com/math-teaching-resources/理论卡片/理论文献/理论卡片十四：具身认知理论/具身认知理论研究述评.pdf,成功,2026-04-04 19:29:10,math-teaching-resources/理论卡片,理论文献\理论卡片十四：具身认知理论\具身认知理论研究述评.pdf
具身认知视角下高中数学概念教学的困境与纾解.pdf,1097208,D:\资源推荐\理论卡片\理论卡片\理论文献\理论卡片十四：具身认知理论\具身认知视角下高中数学概念教学的困境与纾解.pdf,math-teaching-resources/理论卡片/理论文献/理论卡片十四：具身认知理论/具身认知视角下高中数学概念教学的困境与纾解.pdf,https://math-1415627924.cos.ap-guangzhou.myqcloud.com/math-teaching-resources/理论卡片/理论文献/理论卡片十四：具身认知理论/具身认知视角下高中数学概念教学的困境与纾解.pdf,成功,2026-04-04 19:29:11,math-teaching-resources/理论卡片,理论文献\理论卡片十四：具身认知理论\具身认知视角下高中数学概念教学的困境与纾解.pdf
基于_具身认知_理论的课堂教学实践——以_平行四边形的判定定理_为例.pdf,6146215,D:\资源推荐\理论卡片\理论卡片\理论文献\理论卡片十四：具身认知理论\基于_具身认知_理论的课堂教学实践——以_平行四边形的判定定理_为例.pdf,math-teaching-resources/理论卡片/理论文献/理论卡片十四：具身认知理论/基于_具身认知_理论的课堂教学实践——以_平行四边形的判定定理_为例.pdf,https://math-1415627924.cos.ap-guangzhou.myqcloud.com/math-teaching-resources/理论卡片/理论文献/理论卡片十四：具身认知理论/基于_具身认知_理论的课堂教学实践——以_平行四边形的判定定理_为例.pdf,成功,2026-04-04 19:29:14,math-teaching-resources/理论卡片,理论文献\理论卡片十四：具身认知理论\基于_具身认知_理论的课堂教学实践——以_平行四边形的判定定理_为例.pdf
基于具身认知理论的课堂教学变革.pdf,436637,D:\资源推荐\理论卡片\理论卡片\理论文献\理论卡片十四：具身认知理论\基于具身认知理论的课堂教学变革.pdf,math-teaching-resources/理论卡片/理论文献/理论卡片十四：具身认知理论/基于具身认知理论的课堂教学变革.pdf,https://math-1415627924.cos.ap-guangzhou.myqcloud.com/math-teaching-resources/理论卡片/理论文献/理论卡片十四：具身认知理论/基于具身认知理论的课堂教学变革.pdf,成功,2026-04-04 19:29:15,math-teaching-resources/理论卡片,理论文献\理论卡片十四：具身认知理论\基于具身认知理论的课堂教学变革.pdf
基于具身认知理论的高中数学生本课堂——以_椭圆概念_教学为例.pdf,1508698,D:\资源推荐\理论卡片\理论卡片\理论文献\理论卡片十四：具身认知理论\基于具身认知理论的高中数学生本课堂——以_椭圆概念_教学为例.pdf,math-teaching-resources/理论卡片/理论文献/理论卡片十四：具身认知理论/基于具身认知理论的高中数学生本课堂——以_椭圆概念_教学为例.pdf,https://math-1415627924.cos.ap-guangzhou.myqcloud.com/math-teaching-resources/理论卡片/理论文献/理论卡片十四：具身认知理论/基于具身认知理论的高中数学生本课堂——以_椭圆概念_教学为例.pdf,成功,2026-04-04 19:29:15,math-teaching-resources/理论卡片,理论文献\理论卡片十四：具身认知理论\基于具身认知理论的高中数学生本课堂——以_椭圆概念_教学为例.pdf
基于具身认知理论视角的高中数学课程资源开发——以人教A版_空间直线、平面的平行_为例.pdf,889475,D:\资源推荐\理论卡片\理论卡片\理论文献\理论卡片十四：具身认知理论\基于具身认知理论视角的高中数学课程资源开发——以人教A版_空间直线、平面的平行_为例.pdf,math-teaching-resources/理论卡片/理论文献/理论卡片十四：具身认知理论/基于具身认知理论视角的高中数学课程资源开发——以人教A版_空间直线、平面的平行_为例.pdf,https://math-1415627924.cos.ap-guangzhou.myqcloud.com/math-teaching-resources/理论卡片/理论文献/理论卡片十四：具身认知理论/基于具身认知理论视角的高中数学课程资源开发——以人教A版_空间直线、平面的平行_为例.pdf,成功,2026-04-04 19:29:16,math-teaching-resources/理论卡片,理论文献\理论卡片十四：具身认知理论\基于具身认知理论视角的高中数学课程资源开发——以人教A版_空间直线、平面的平行_为例.pdf
论提高小学数学课堂教学效率的具体策略+——以具身认知为基础的课堂设计为例.pdf,1324878,D:\资源推荐\理论卡片\理论卡片\理论文献\理论卡片十四：具身认知理论\论提高小学数学课堂教学效率的具体策略+——以具身认知为基础的课堂设计为例.pdf,math-teaching-resources/理论卡片/理论文献/理论卡片十四：具身认知理论/论提高小学数学课堂教学效率的具体策略+——以具身认知为基础的课堂设计为例.pdf,https://math-1415627924.cos.ap-guangzhou.myqcloud.com/math-teaching-resources/理论卡片/理论文献/理论卡片十四：具身认知理论/论提高小学数学课堂教学效率的具体策略+——以具身认知为基础的课堂设计为例.pdf,成功,2026-04-04 19:29:17,math-teaching-resources/理论卡片,理论文献\理论卡片十四：具身认知理论\论提高小学数学课堂教学效率的具体策略+——以具身认知为基础的课堂设计为例.pdf
基于认知负荷理论的高中数学教学设计研究.pdf,2429004,D:\资源推荐\理论卡片\理论卡片\理论文献\理论卡片十：认知负荷理论\基于认知负荷理论的高中数学教学设计研究.pdf,math-teaching-resources/理论卡片/理论文献/理论卡片十：认知负荷理论/基于认知负荷理论的高中数学教学设计研究.pdf,https://math-1415627924.cos.ap-guangzhou.myqcloud.com/math-teaching-resources/理论卡片/理论文献/理论卡片十：认知负荷理论/基于认知负荷理论的高中数学教学设计研究.pdf,成功,2026-04-04 19:29:18,math-teaching-resources/理论卡片,理论文献\理论卡片十：认知负荷理论\基于认知负荷理论的高中数学教学设计研究.pdf
基于认知负荷理论的高中数学概念教学优化研究_赵月虹.pdf,1678854,D:\资源推荐\理论卡片\理论卡片\理论文献\理论卡片十：认知负荷理论\基于认知负荷理论的高中数学概念教学优化研究_赵月虹.pdf,math-teaching-resources/理论卡片/理论文献/理论卡片十：认知负荷理论/基于认知负荷理论的高中数学概念教学优化研究_赵月虹.pdf,https://math-1415627924.cos.ap-guangzhou.myqcloud.com/math-teaching-resources/理论卡片/理论文献/理论卡片十：认知负荷理论/基于认知负荷理论的高中数学概念教学优化研究_赵月虹.pdf,成功,2026-04-04 19:29:19,math-teaching-resources/理论卡片,理论文献\理论卡片十：认知负荷理论\基于认知负荷理论的高中数学概念教学优化研究_赵月虹.pdf
基于认知负荷理论的高中数学概念教学研究.pdf,4132338,D:\资源推荐\理论卡片\理论卡片\理论文献\理论卡片十：认知负荷理论\基于认知负荷理论的高中数学概念教学研究.pdf,math-teaching-resources/理论卡片/理论文献/理论卡片十：认知负荷理论/基于认知负荷理论的高中数学概念教学研究.pdf,https://math-1415627924.cos.ap-guangzhou.myqcloud.com/math-teaching-resources/理论卡片/理论文献/理论卡片十：认知负荷理论/基于认知负荷理论的高中数学概念教学研究.pdf,成功,2026-04-04 19:29:21,math-teaching-resources/理论卡片,理论文献\理论卡片十：认知负荷理论\基于认知负荷理论的高中数学概念教学研究.pdf
认知负荷理论下基于GeoGebra的高中立体几何初步教学研究.pdf,5768468,D:\资源推荐\理论卡片\理论卡片\理论文献\理论卡片十：认知负荷理论\认知负荷理论下基于GeoGebra的高中立体几何初步教学研究.pdf,math-teaching-resources/理论卡片/理论文献/理论卡片十：认知负荷理论/认知负荷理论下基于GeoGebra的高中立体几何初步教学研究.pdf,https://math-1415627924.cos.ap-guangzhou.myqcloud.com/math-teaching-resources/理论卡片/理论文献/理论卡片十：认知负荷理论/认知负荷理论下基于GeoGebra的高中立体几何初步教学研究.pdf,成功,2026-04-04 19:29:25,math-teaching-resources/理论卡片,理论文献\理论卡片十：认知负荷理论\认知负荷理论下基于GeoGebra的高中立体几何初步教学研究.pdf
认知负荷理论下高中数学前置性作业设计与实践研究.pdf,2655827,D:\资源推荐\理论卡片\理论卡片\理论文献\理论卡片十：认知负荷理论\认知负荷理论下高中数学前置性作业设计与实践研究.pdf,math-teaching-resources/理论卡片/理论文献/理论卡片十：认知负荷理论/认知负荷理论下高中数学前置性作业设计与实践研究.pdf,https://math-1415627924.cos.ap-guangzhou.myqcloud.com/math-teaching-resources/理论卡片/理论文献/理论卡片十：认知负荷理论/认知负荷理论下高中数学前置性作业设计与实践研究.pdf,成功,2026-04-04 19:29:26,math-teaching-resources/理论卡片,理论文献\理论卡片十：认知负荷理论\认知负荷理论下高中数学前置性作业设计与实践研究.pdf
认知负荷理论及其发展.pdf,229634,D:\资源推荐\理论卡片\理论卡片\理论文献\理论卡片十：认知负荷理论\认知负荷理论及其发展.pdf,math-teaching-resources/理论卡片/理论文献/理论卡片十：认知负荷理论/认知负荷理论及其发展.pdf,https://math-1415627924.cos.ap-guangzhou.myqcloud.com/math-teaching-resources/理论卡片/理论文献/理论卡片十：认知负荷理论/认知负荷理论及其发展.pdf,成功,2026-04-04 19:29:26,math-teaching-resources/理论卡片,理论文献\理论卡片十：认知负荷理论\认知负荷理论及其发展.pdf
认知负荷理论综述.pdf,1361697,D:\资源推荐\理论卡片\理论卡片\理论文献\理论卡片十：认知负荷理论\认知负荷理论综述.pdf,math-teaching-resources/理论卡片/理论文献/理论卡片十：认知负荷理论/认知负荷理论综述.pdf,https://math-1415627924.cos.ap-guangzhou.myqcloud.com/math-teaching-resources/理论卡片/理论文献/理论卡片十：认知负荷理论/认知负荷理论综述.pdf,成功,2026-04-04 19:29:27,math-teaching-resources/理论卡片,理论文献\理论卡片十：认知负荷理论\认知负荷理论综述.pdf
基于学习进阶理论的高中数学概念教学构建与应用——以“函数的概念”教学为例_张刘成.pdf,211936,D:\资源推荐\理论卡片\理论卡片\理论文献\理论卡片四：学习进阶理论\基于学习进阶理论的高中数学概念教学构建与应用——以“函数的概念”教学为例_张刘成.pdf,math-teaching-resources/理论卡片/理论文献/理论卡片四：学习进阶理论/基于学习进阶理论的高中数学概念教学构建与应用——以“函数的概念”教学为例_张刘成.pdf,https://math-1415627924.cos.ap-guangzhou.myqcloud.com/math-teaching-resources/理论卡片/理论文献/理论卡片四：学习进阶理论/基于学习进阶理论的高中数学概念教学构建与应用——以“函数的概念”教学为例_张刘成.pdf,成功,2026-04-04 19:29:27,math-teaching-resources/理论卡片,理论文献\理论卡片四：学习进阶理论\基于学习进阶理论的高中数学概念教学构建与应用——以“函数的概念”教学为例_张刘成.pdf
基于学习进阶的“余弦定理、正弦定理应用举例”教学设计_郭玉佳.pdf,1266853,D:\资源推荐\理论卡片\理论卡片\理论文献\理论卡片四：学习进阶理论\基于学习进阶的“余弦定理、正弦定理应用举例”教学设计_郭玉佳.pdf,math-teaching-resources/理论卡片/理论文献/理论卡片四：学习进阶理论/基于学习进阶的“余弦定理、正弦定理应用举例”教学设计_郭玉佳.pdf,https://math-1415627924.cos.ap-guangzhou.myqcloud.com/math-teaching-resources/理论卡片/理论文献/理论卡片四：学习进阶理论/基于学习进阶的“余弦定理、正弦定理应用举例”教学设计_郭玉佳.pdf,成功,2026-04-04 19:29:28,math-teaching-resources/理论卡片,理论文献\理论卡片四：学习进阶理论\基于学习进阶的“余弦定理、正弦定理应用举例”教学设计_郭玉佳.pdf
学习进阶的教学设计要旨_欧燕秋.pdf,1095368,D:\资源推荐\理论卡片\理论卡片\理论文献\理论卡片四：学习进阶理论\学习进阶的教学设计要旨_欧燕秋.pdf,math-teaching-resources/理论卡片/理论文献/理论卡片四：学习进阶理论/学习进阶的教学设计要旨_欧燕秋.pdf,https://math-1415627924.cos.ap-guangzhou.myqcloud.com/math-teaching-resources/理论卡片/理论文献/理论卡片四：学习进阶理论/学习进阶的教学设计要旨_欧燕秋.pdf,成功,2026-04-04 19:29:29,math-teaching-resources/理论卡片,理论文献\理论卡片四：学习进阶理论\学习进阶的教学设计要旨_欧燕秋.pdf
学习进阶视角下随机事件的概率_卢荣亮.pdf,860840,D:\资源推荐\理论卡片\理论卡片\理论文献\理论卡片四：学习进阶理论\学习进阶视角下随机事件的概率_卢荣亮.pdf,math-teaching-resources/理论卡片/理论文献/理论卡片四：学习进阶理论/学习进阶视角下随机事件的概率_卢荣亮.pdf,https://math-1415627924.cos.ap-guangzhou.myqcloud.com/math-teaching-resources/理论卡片/理论文献/理论卡片四：学习进阶理论/学习进阶视角下随机事件的概率_卢荣亮.pdf,成功,2026-04-04 19:29:29,math-teaching-resources/理论卡片,理论文献\理论卡片四：学习进阶理论\学习进阶视角下随机事件的概率_卢荣亮.pdf
